"MD_","type","ID","fname","圖徵NO","HYD類別","DataName","geometry","buildtime","releasetime","MataData_URL","MataData_XML","URL_data"
17,"SHP","MD_ID=17&type=SHP","RIVERLIN",1,"HRV_河川","河川(支流)","線","2000","2008","https://gic.wra.gov.tw/Gis/Gic/DataIndex/MetaData/ShowDetail.aspx?MD_ID=17&type=SHP","https://gic.wra.gov.tw/Gis/Gic/DataIndex/MetaData/ShowXML.aspx?MD_ID=17&type=SHP","https://gic.wra.gov.tw/Gis/gic/API/Google/DownLoad.aspx?fname=RIVERLIN&filetype=SHP"
18,"SHP","MD_ID=18&type=SHP","RIVERPOLY",1,"HRV_河川","河川(河道)","面","2000","2008","https://gic.wra.gov.tw/Gis/Gic/DataIndex/MetaData/ShowDetail.aspx?MD_ID=18&type=SHP","https://gic.wra.gov.tw/Gis/Gic/DataIndex/MetaData/ShowXML.aspx?MD_ID=18&type=SHP","https://gic.wra.gov.tw/Gis/gic/API/Google/DownLoad.aspx?fname=RIVERPOLY&filetype=SHP"
19,"SHP","MD_ID=19&type=SHP","BASIN",2,"HRV_河川流域","河川流域範圍圖","面","2000","2008","https://gic.wra.gov.tw/Gis/Gic/DataIndex/MetaData/ShowDetail.aspx?MD_ID=19&type=SHP","https://gic.wra.gov.tw/Gis/Gic/DataIndex/MetaData/ShowXML.aspx?MD_ID=19&type=SHP","https://gic.wra.gov.tw/Gis/gic/API/Google/DownLoad.aspx?fname=BASIN&filetype=SHP"
8,"SHP","MD_ID=8&type=SHP","RCROSPIL",3,"HRV_河川斷面樁","河川斷面樁位置圖","點","2021/04/06","2021/04/08","https://gic.wra.gov.tw/Gis/Gic/DataIndex/MetaData/ShowDetail.aspx?MD_ID=8&type=SHP","https://gic.wra.gov.tw/Gis/Gic/DataIndex/MetaData/ShowXML.aspx?MD_ID=8&type=SHP","https://gic.wra.gov.tw/Gis/gic/API/Google/DownLoad.aspx?fname=RCROSPIL&filetype=SHP"
16,"SHP","MD_ID=16&type=SHP","rcrossec",4,"HRV_河川斷面線","河川斷面線位置圖","線","2021/04/06","2021/04/08","https://gic.wra.gov.tw/Gis/Gic/DataIndex/MetaData/ShowDetail.aspx?MD_ID=16&type=SHP","https://gic.wra.gov.tw/Gis/Gic/DataIndex/MetaData/ShowXML.aspx?MD_ID=16&type=SHP","https://gic.wra.gov.tw/Gis/gic/API/Google/DownLoad.aspx?fname=rcrossec&filetype=SHP"
5,"SHP","MD_ID=5&type=SHP","RIVQASTA_e",5,"HRV_河川流量測站","河川流量測站位置圖_現存站","點","2020/11/16","2021/01/19","https://gic.wra.gov.tw/Gis/Gic/DataIndex/MetaData/ShowDetail.aspx?MD_ID=5&type=SHP","https://gic.wra.gov.tw/Gis/Gic/DataIndex/MetaData/ShowXML.aspx?MD_ID=5&type=SHP","https://gic.wra.gov.tw/Gis/gic/API/Google/DownLoad.aspx?fname=RIVQASTA_e&filetype=SHP"
6,"SHP","MD_ID=6&type=SHP","RIVQASTA_a",5,"HRV_河川流量測站","河川流量測站位置圖_已廢站","點","2020/11/16","2021/01/19","https://gic.wra.gov.tw/Gis/Gic/DataIndex/MetaData/ShowDetail.aspx?MD_ID=6&type=SHP","https://gic.wra.gov.tw/Gis/Gic/DataIndex/MetaData/ShowXML.aspx?MD_ID=6&type=SHP","https://gic.wra.gov.tw/Gis/gic/API/Google/DownLoad.aspx?fname=RIVQASTA_a&filetype=SHP"
7,"SHP","MD_ID=7&type=SHP","RIVSESTA",6,"HRV_河川含沙量測站","含沙量測站位置圖","點","2020/11/16","2021/01/19","https://gic.wra.gov.tw/Gis/Gic/DataIndex/MetaData/ShowDetail.aspx?MD_ID=7&type=SHP","https://gic.wra.gov.tw/Gis/Gic/DataIndex/MetaData/ShowXML.aspx?MD_ID=7&type=SHP","https://gic.wra.gov.tw/Gis/gic/API/Google/DownLoad.aspx?fname=RIVSESTA&filetype=SHP"
2,"SHP","MD_ID=2&type=SHP","RIVWLSTA_e",7,"HRV_河川水位測站","河川水位測站位置圖_現存站","點","2020/11/16","2021/01/19","https://gic.wra.gov.tw/Gis/Gic/DataIndex/MetaData/ShowDetail.aspx?MD_ID=2&type=SHP","https://gic.wra.gov.tw/Gis/Gic/DataIndex/MetaData/ShowXML.aspx?MD_ID=2&type=SHP","https://gic.wra.gov.tw/Gis/gic/API/Google/DownLoad.aspx?fname=RIVWLSTA_e&filetype=SHP"
3,"SHP","MD_ID=3&type=SHP","RIVWLSTA_a",7,"HRV_河川水位測站","河川水位測站位置圖_已廢站","點","2020/11/16","2021/01/19","https://gic.wra.gov.tw/Gis/Gic/DataIndex/MetaData/ShowDetail.aspx?MD_ID=3&type=SHP","https://gic.wra.gov.tw/Gis/Gic/DataIndex/MetaData/ShowXML.aspx?MD_ID=3&type=SHP","https://gic.wra.gov.tw/Gis/gic/API/Google/DownLoad.aspx?fname=RIVWLSTA_a&filetype=SHP"
679,"SHP119","MD_ID=679&type=SHP119","gwobwell_e_119",12,"HGW_地下水觀測井","地下水觀測井位置圖_現存站","點","2020/11/16","2021/01/19","https://gic.wra.gov.tw/Gis/Gic/DataIndex/MetaData/ShowDetail.aspx?MD_ID=679&type=SHP119","https://gic.wra.gov.tw/Gis/Gic/DataIndex/MetaData/ShowXML.aspx?MD_ID=679&type=SHP119","https://gic.wra.gov.tw/Gis/gic/API/Google/DownLoad.aspx?fname=gwobwell_e_119&filetype=SHP119"
680,"SHP119","MD_ID=680&type=SHP119","gwobwell_a_119",12,"HGW_地下水觀測井","地下水觀測井位置圖_已廢站","點","2020/11/16","2021/01/19","https://gic.wra.gov.tw/Gis/Gic/DataIndex/MetaData/ShowDetail.aspx?MD_ID=680&type=SHP119","https://gic.wra.gov.tw/Gis/Gic/DataIndex/MetaData/ShowXML.aspx?MD_ID=680&type=SHP119","https://gic.wra.gov.tw/Gis/gic/API/Google/DownLoad.aspx?fname=gwobwell_a_119&filetype=SHP119"
35,"SHP","MD_ID=35&type=SHP","gwobwell_e",12,"HGW_地下水觀測井","地下水觀測井位置圖_現存站","點","2020/11/16","2021/01/19","https://gic.wra.gov.tw/Gis/Gic/DataIndex/MetaData/ShowDetail.aspx?MD_ID=35&type=SHP","https://gic.wra.gov.tw/Gis/Gic/DataIndex/MetaData/ShowXML.aspx?MD_ID=35&type=SHP","https://gic.wra.gov.tw/Gis/gic/API/Google/DownLoad.aspx?fname=gwobwell_e&filetype=SHP"
36,"SHP","MD_ID=36&type=SHP","gwobwell_a",12,"HGW_地下水觀測井","地下水觀測井位置圖_已廢站","點","2020/11/16","2021/01/19","https://gic.wra.gov.tw/Gis/Gic/DataIndex/MetaData/ShowDetail.aspx?MD_ID=36&type=SHP","https://gic.wra.gov.tw/Gis/Gic/DataIndex/MetaData/ShowXML.aspx?MD_ID=36&type=SHP","https://gic.wra.gov.tw/Gis/gic/API/Google/DownLoad.aspx?fname=gwobwell_a&filetype=SHP"
682,"SHP119","MD_ID=682&type=SHP119","GWREGION_119",13,"HGW_地下水分區","地下水分區範圍圖","面","2000","2008","https://gic.wra.gov.tw/Gis/Gic/DataIndex/MetaData/ShowDetail.aspx?MD_ID=682&type=SHP119","https://gic.wra.gov.tw/Gis/Gic/DataIndex/MetaData/ShowXML.aspx?MD_ID=682&type=SHP119","https://gic.wra.gov.tw/Gis/gic/API/Google/DownLoad.aspx?fname=GWREGION_119&filetype=SHP119"
44,"SHP","MD_ID=44&type=SHP","GWREGION",13,"HGW_地下水分區","地下水分區範圍圖","面","2000","2008","https://gic.wra.gov.tw/Gis/Gic/DataIndex/MetaData/ShowDetail.aspx?MD_ID=44&type=SHP","https://gic.wra.gov.tw/Gis/Gic/DataIndex/MetaData/ShowXML.aspx?MD_ID=44&type=SHP","https://gic.wra.gov.tw/Gis/gic/API/Google/DownLoad.aspx?fname=GWREGION&filetype=SHP"
681,"SHP119","MD_ID=681&type=SHP119","gwconare2_119",14,"HGW_地下水管制區","地下水第二級管制區","面","2018/12/25","2020/07/24","https://gic.wra.gov.tw/Gis/Gic/DataIndex/MetaData/ShowDetail.aspx?MD_ID=681&type=SHP119","https://gic.wra.gov.tw/Gis/Gic/DataIndex/MetaData/ShowXML.aspx?MD_ID=681&type=SHP119","https://gic.wra.gov.tw/Gis/gic/API/Google/DownLoad.aspx?fname=gwconare2_119&filetype=SHP119"
42,"SHP","MD_ID=42&type=SHP","gwconare",14,"HGW_地下水管制區","地下水第一級管制區","面","2018/12/25","2020/07/24","https://gic.wra.gov.tw/Gis/Gic/DataIndex/MetaData/ShowDetail.aspx?MD_ID=42&type=SHP","https://gic.wra.gov.tw/Gis/Gic/DataIndex/MetaData/ShowXML.aspx?MD_ID=42&type=SHP","https://gic.wra.gov.tw/Gis/gic/API/Google/DownLoad.aspx?fname=gwconare&filetype=SHP"
43,"SHP","MD_ID=43&type=SHP","gwconare2",14,"HGW_地下水管制區","地下水第二級管制區","面","2018/12/25","2020/07/24","https://gic.wra.gov.tw/Gis/Gic/DataIndex/MetaData/ShowDetail.aspx?MD_ID=43&type=SHP","https://gic.wra.gov.tw/Gis/Gic/DataIndex/MetaData/ShowXML.aspx?MD_ID=43&type=SHP","https://gic.wra.gov.tw/Gis/gic/API/Google/DownLoad.aspx?fname=gwconare2&filetype=SHP"
38,"SHP","MD_ID=38&type=SHP","SWWRB",15,"HLS_地層下陷水準高程檢測點","地層下陷水準高程檢測點","點"," 2021/07/01","2021/07/07","https://gic.wra.gov.tw/Gis/Gic/DataIndex/MetaData/ShowDetail.aspx?MD_ID=38&type=SHP","https://gic.wra.gov.tw/Gis/Gic/DataIndex/MetaData/ShowXML.aspx?MD_ID=38&type=SHP","https://gic.wra.gov.tw/Gis/gic/API/Google/DownLoad.aspx?fname=SWWRB&filetype=SHP"
39,"SHP","MD_ID=39&type=SHP","subasta",16,"HLS_磁環分層式地層下陷監測井","磁環分層式地層下陷監測井","點"," 2021/07/01","2021/07/07","https://gic.wra.gov.tw/Gis/Gic/DataIndex/MetaData/ShowDetail.aspx?MD_ID=39&type=SHP","https://gic.wra.gov.tw/Gis/Gic/DataIndex/MetaData/ShowXML.aspx?MD_ID=39&type=SHP","https://gic.wra.gov.tw/Gis/gic/API/Google/DownLoad.aspx?fname=subasta&filetype=SHP"
37,"SHP","MD_ID=37&type=SHP","LASUBSTA",17,"HLS_地層下陷GPS監測站","地層下陷GPS監測站","點","2021/06/10","2021/07/02","https://gic.wra.gov.tw/Gis/Gic/DataIndex/MetaData/ShowDetail.aspx?MD_ID=37&type=SHP","https://gic.wra.gov.tw/Gis/Gic/DataIndex/MetaData/ShowXML.aspx?MD_ID=37&type=SHP","https://gic.wra.gov.tw/Gis/gic/API/Google/DownLoad.aspx?fname=LASUBSTA&filetype=SHP"
95,"SHP","MD_ID=95&type=SHP","WATRELIN",19,"HRA_水利署及所屬單位位置","水利署及所屬單位位置圖","點","2012/7/26","2012/07","https://gic.wra.gov.tw/Gis/Gic/DataIndex/MetaData/ShowDetail.aspx?MD_ID=95&type=SHP","https://gic.wra.gov.tw/Gis/Gic/DataIndex/MetaData/ShowXML.aspx?MD_ID=95&type=SHP","https://gic.wra.gov.tw/Gis/gic/API/Google/DownLoad.aspx?fname=WATRELIN&filetype=SHP"
101,"SHP","MD_ID=101&type=SHP","wratb",20,"HRA_水源特定區","台北水源特定區圖","面","2003/08/31","2008","https://gic.wra.gov.tw/Gis/Gic/DataIndex/MetaData/ShowDetail.aspx?MD_ID=101&type=SHP","https://gic.wra.gov.tw/Gis/Gic/DataIndex/MetaData/ShowXML.aspx?MD_ID=101&type=SHP","https://gic.wra.gov.tw/Gis/gic/API/Google/DownLoad.aspx?fname=wratb&filetype=SHP"
103,"SHP","MD_ID=103&type=SHP","WEBREG",21,"HRA_水資源分區","水資源分區圖","面","2000","2008","https://gic.wra.gov.tw/Gis/Gic/DataIndex/MetaData/ShowDetail.aspx?MD_ID=103&type=SHP","https://gic.wra.gov.tw/Gis/Gic/DataIndex/MetaData/ShowXML.aspx?MD_ID=103&type=SHP","https://gic.wra.gov.tw/Gis/gic/API/Google/DownLoad.aspx?fname=WEBREG&filetype=SHP"
20,"SHP","MD_ID=20&type=SHP","RVB",22,"HRA_河川局管轄範圍","河川局管轄範圍圖","面","2003/08/31","2008","https://gic.wra.gov.tw/Gis/Gic/DataIndex/MetaData/ShowDetail.aspx?MD_ID=20&type=SHP","https://gic.wra.gov.tw/Gis/Gic/DataIndex/MetaData/ShowXML.aspx?MD_ID=20&type=SHP","https://gic.wra.gov.tw/Gis/gic/API/Google/DownLoad.aspx?fname=RVB&filetype=SHP"
114,"SHP","MD_ID=114&type=SHP","REGDL",23,"HDF_排水設施範圍","中央管排水設施範圍","面","2019/12/11","2020/05/22","https://gic.wra.gov.tw/Gis/Gic/DataIndex/MetaData/ShowDetail.aspx?MD_ID=114&type=SHP","https://gic.wra.gov.tw/Gis/Gic/DataIndex/MetaData/ShowXML.aspx?MD_ID=114&type=SHP","https://gic.wra.gov.tw/Gis/gic/API/Google/DownLoad.aspx?fname=REGDL&filetype=SHP"
685,"SHP119","MD_ID=685&type=SHP119","TWQPROT_119",27,"HSE_自來水水質水量保護區","自來水水質水量保護區圖","面","2019/12/26","2020/01/10","https://gic.wra.gov.tw/Gis/Gic/DataIndex/MetaData/ShowDetail.aspx?MD_ID=685&type=SHP119","https://gic.wra.gov.tw/Gis/Gic/DataIndex/MetaData/ShowXML.aspx?MD_ID=685&type=SHP119","https://gic.wra.gov.tw/Gis/gic/API/Google/DownLoad.aspx?fname=TWQPROT_119&filetype=SHP119"
98,"SHP","MD_ID=98&type=SHP","TWQPROT",27,"HSE_自來水水質水量保護區","自來水水質水量保護區圖","面","2021/03/26","2021/04/01","https://gic.wra.gov.tw/Gis/Gic/DataIndex/MetaData/ShowDetail.aspx?MD_ID=98&type=SHP","https://gic.wra.gov.tw/Gis/Gic/DataIndex/MetaData/ShowXML.aspx?MD_ID=98&type=SHP","https://gic.wra.gov.tw/Gis/gic/API/Google/DownLoad.aspx?fname=TWQPROT&filetype=SHP"
683,"SHP119","MD_ID=683&type=SHP119","SWRESOIR_119",28,"HRS_水庫","水庫堰壩位置圖","點","2020/05/12","2020/05/14","https://gic.wra.gov.tw/Gis/Gic/DataIndex/MetaData/ShowDetail.aspx?MD_ID=683&type=SHP119","https://gic.wra.gov.tw/Gis/Gic/DataIndex/MetaData/ShowXML.aspx?MD_ID=683&type=SHP119","https://gic.wra.gov.tw/Gis/gic/API/Google/DownLoad.aspx?fname=SWRESOIR_119&filetype=SHP119"
96,"SHP","MD_ID=96&type=SHP","SWRESOIR",28,"HRS_水庫","水庫堰壩位置圖","點","2020/05/12","2020/05/14","https://gic.wra.gov.tw/Gis/Gic/DataIndex/MetaData/ShowDetail.aspx?MD_ID=96&type=SHP","https://gic.wra.gov.tw/Gis/Gic/DataIndex/MetaData/ShowXML.aspx?MD_ID=96&type=SHP","https://gic.wra.gov.tw/Gis/gic/API/Google/DownLoad.aspx?fname=SWRESOIR&filetype=SHP"
688,"SHP119","MD_ID=688&type=SHP119","reservoir_119",29,"HRS_水庫集水區","水庫集水區","面","2020/09/18","2020/10/21","https://gic.wra.gov.tw/Gis/Gic/DataIndex/MetaData/ShowDetail.aspx?MD_ID=688&type=SHP119","https://gic.wra.gov.tw/Gis/Gic/DataIndex/MetaData/ShowXML.aspx?MD_ID=688&type=SHP119","https://gic.wra.gov.tw/Gis/gic/API/Google/DownLoad.aspx?fname=reservoir_119&filetype=SHP119"
104,"SHP","MD_ID=104&type=SHP","reservoir",29,"HRS_水庫集水區","水庫集水區","面","2020/09/18","2020/10/21","https://gic.wra.gov.tw/Gis/Gic/DataIndex/MetaData/ShowDetail.aspx?MD_ID=104&type=SHP","https://gic.wra.gov.tw/Gis/Gic/DataIndex/MetaData/ShowXML.aspx?MD_ID=104&type=SHP","https://gic.wra.gov.tw/Gis/gic/API/Google/DownLoad.aspx?fname=reservoir&filetype=SHP"
684,"SHP119","MD_ID=684&type=SHP119","ressub_119",30,"HRS_水庫蓄水範圍","水庫蓄水範圍","面","2020/03/31","2020/04/08","https://gic.wra.gov.tw/Gis/Gic/DataIndex/MetaData/ShowDetail.aspx?MD_ID=684&type=SHP119","https://gic.wra.gov.tw/Gis/Gic/DataIndex/MetaData/ShowXML.aspx?MD_ID=684&type=SHP119","https://gic.wra.gov.tw/Gis/gic/API/Google/DownLoad.aspx?fname=ressub_119&filetype=SHP119"
97,"SHP","MD_ID=97&type=SHP","ressub",30,"HRS_水庫蓄水範圍","水庫蓄水範圍","面","2020/03/31","2020/04/08","https://gic.wra.gov.tw/Gis/Gic/DataIndex/MetaData/ShowDetail.aspx?MD_ID=97&type=SHP","https://gic.wra.gov.tw/Gis/Gic/DataIndex/MetaData/ShowXML.aspx?MD_ID=97&type=SHP","https://gic.wra.gov.tw/Gis/gic/API/Google/DownLoad.aspx?fname=ressub&filetype=SHP"
107,"SHP","MD_ID=107&type=SHP","DIKEGATE",31,"HFP_水門","水門位置圖","點","2001","2008","https://gic.wra.gov.tw/Gis/Gic/DataIndex/MetaData/ShowDetail.aspx?MD_ID=107&type=SHP","https://gic.wra.gov.tw/Gis/Gic/DataIndex/MetaData/ShowXML.aspx?MD_ID=107&type=SHP","https://gic.wra.gov.tw/Gis/gic/API/Google/DownLoad.aspx?fname=DIKEGATE&filetype=SHP"
108,"SHP","MD_ID=108&type=SHP","PUMP_DRAIN",32,"HFP_抽水站","抽水站位置圖","點","2001","2008","https://gic.wra.gov.tw/Gis/Gic/DataIndex/MetaData/ShowDetail.aspx?MD_ID=108&type=SHP","https://gic.wra.gov.tw/Gis/Gic/DataIndex/MetaData/ShowXML.aspx?MD_ID=108&type=SHP","https://gic.wra.gov.tw/Gis/gic/API/Google/DownLoad.aspx?fname=PUMP_DRAIN&filetype=SHP"
110,"SHP","MD_ID=110&type=SHP","rivdike",33,"HFP_堤防或護岸","堤防或護岸位置圖","線","2000","2008","https://gic.wra.gov.tw/Gis/Gic/DataIndex/MetaData/ShowDetail.aspx?MD_ID=110&type=SHP","https://gic.wra.gov.tw/Gis/Gic/DataIndex/MetaData/ShowXML.aspx?MD_ID=110&type=SHP","https://gic.wra.gov.tw/Gis/gic/API/Google/DownLoad.aspx?fname=rivdike&filetype=SHP"
691,"SHP119","MD_ID=691&type=SHP119","coastdik_119",34,"HFP_海堤","一般性海堤區域","面","2021/01/27","2021/02/09","https://gic.wra.gov.tw/Gis/Gic/DataIndex/MetaData/ShowDetail.aspx?MD_ID=691&type=SHP119","https://gic.wra.gov.tw/Gis/Gic/DataIndex/MetaData/ShowXML.aspx?MD_ID=691&type=SHP119","https://gic.wra.gov.tw/Gis/gic/API/Google/DownLoad.aspx?fname=coastdik_119&filetype=SHP119"
113,"SHP","MD_ID=113&type=SHP","coastdik",34,"HFP_海堤","一般性海堤區域","面","2021/05/19","2021/05/24","https://gic.wra.gov.tw/Gis/Gic/DataIndex/MetaData/ShowDetail.aspx?MD_ID=113&type=SHP","https://gic.wra.gov.tw/Gis/Gic/DataIndex/MetaData/ShowXML.aspx?MD_ID=113&type=SHP","https://gic.wra.gov.tw/Gis/gic/API/Google/DownLoad.aspx?fname=coastdik&filetype=SHP"
111,"SHP","MD_ID=111&type=SHP","RIVERL",37,"HFP_河川區域線","中央管河川區域線","線","2021/05/19","2021/05/24","https://gic.wra.gov.tw/Gis/Gic/DataIndex/MetaData/ShowDetail.aspx?MD_ID=111&type=SHP","https://gic.wra.gov.tw/Gis/Gic/DataIndex/MetaData/ShowXML.aspx?MD_ID=111&type=SHP","https://gic.wra.gov.tw/Gis/gic/API/Google/DownLoad.aspx?fname=RIVERL&filetype=SHP"
674,"SHP119","MD_ID=674&type=SHP119","ppobsta_wra_e_119",,,"雨量站位置圖_水利署_現存站","點","2020/11/16","2021/01/19","https://gic.wra.gov.tw/Gis/Gic/DataIndex/MetaData/ShowDetail.aspx?MD_ID=674&type=SHP119","https://gic.wra.gov.tw/Gis/Gic/DataIndex/MetaData/ShowXML.aspx?MD_ID=674&type=SHP119","https://gic.wra.gov.tw/Gis/gic/API/Google/DownLoad.aspx?fname=ppobsta_wra_e_119&filetype=SHP119"
675,"SHP119","MD_ID=675&type=SHP119","hyctide_119",,,"近海水文潮位站位置圖","點","2019/11/08","2019/12/11","https://gic.wra.gov.tw/Gis/Gic/DataIndex/MetaData/ShowDetail.aspx?MD_ID=675&type=SHP119","https://gic.wra.gov.tw/Gis/Gic/DataIndex/MetaData/ShowXML.aspx?MD_ID=675&type=SHP119","https://gic.wra.gov.tw/Gis/gic/API/Google/DownLoad.aspx?fname=hyctide_119&filetype=SHP119"
676,"SHP119","MD_ID=676&type=SHP119","hycw_119",,,"近海水文氣象站位置圖","點","2019/11/08","2019/12/11","https://gic.wra.gov.tw/Gis/Gic/DataIndex/MetaData/ShowDetail.aspx?MD_ID=676&type=SHP119","https://gic.wra.gov.tw/Gis/Gic/DataIndex/MetaData/ShowXML.aspx?MD_ID=676&type=SHP119","https://gic.wra.gov.tw/Gis/gic/API/Google/DownLoad.aspx?fname=hycw_119&filetype=SHP119"
677,"SHP119","MD_ID=677&type=SHP119","hycbuoy_119",,,"近海水文資料浮標站位置圖","點","2019/11/08","2019/12/11","https://gic.wra.gov.tw/Gis/Gic/DataIndex/MetaData/ShowDetail.aspx?MD_ID=677&type=SHP119","https://gic.wra.gov.tw/Gis/Gic/DataIndex/MetaData/ShowXML.aspx?MD_ID=677&type=SHP119","https://gic.wra.gov.tw/Gis/gic/API/Google/DownLoad.aspx?fname=hycbuoy_119&filetype=SHP119"
686,"SHP119","MD_ID=686&type=SHP119","TWQPROT_insidearea_119",,,"自來水水質水量保護區圖：邊界向內鄰近0.5公里範圍","面","2019/12/26","2020/01/10","https://gic.wra.gov.tw/Gis/Gic/DataIndex/MetaData/ShowDetail.aspx?MD_ID=686&type=SHP119","https://gic.wra.gov.tw/Gis/Gic/DataIndex/MetaData/ShowXML.aspx?MD_ID=686&type=SHP119","https://gic.wra.gov.tw/Gis/gic/API/Google/DownLoad.aspx?fname=TWQPROT_insidearea_119&filetype=SHP119"
687,"SHP119","MD_ID=687&type=SHP119","TWQPROT_outsidearea_119",,,"自來水水質水量保護區圖：邊界向外鄰近0.5公里範圍","面","2019/12/26","2020/01/10","https://gic.wra.gov.tw/Gis/Gic/DataIndex/MetaData/ShowDetail.aspx?MD_ID=687&type=SHP119","https://gic.wra.gov.tw/Gis/Gic/DataIndex/MetaData/ShowXML.aspx?MD_ID=687&type=SHP119","https://gic.wra.gov.tw/Gis/gic/API/Google/DownLoad.aspx?fname=TWQPROT_outsidearea_119&filetype=SHP119"
689,"SHP119","MD_ID=689&type=SHP119","reservoir_insidearea_119",,,"水庫集水區敏感區範圍：邊界向內鄰近0.5公里範圍","面","2020/09/18","2020/10/21","https://gic.wra.gov.tw/Gis/Gic/DataIndex/MetaData/ShowDetail.aspx?MD_ID=689&type=SHP119","https://gic.wra.gov.tw/Gis/Gic/DataIndex/MetaData/ShowXML.aspx?MD_ID=689&type=SHP119","https://gic.wra.gov.tw/Gis/gic/API/Google/DownLoad.aspx?fname=reservoir_insidearea_119&filetype=SHP119"
690,"SHP119","MD_ID=690&type=SHP119","reservoir_outsidearea_119",,,"水庫集水區敏感區範圍：邊界向外鄰近0.5公里範圍","面","2020/09/18","2020/10/21","https://gic.wra.gov.tw/Gis/Gic/DataIndex/MetaData/ShowDetail.aspx?MD_ID=690&type=SHP119","https://gic.wra.gov.tw/Gis/Gic/DataIndex/MetaData/ShowXML.aspx?MD_ID=690&type=SHP119","https://gic.wra.gov.tw/Gis/gic/API/Google/DownLoad.aspx?fname=reservoir_outsidearea_119&filetype=SHP119"
692,"SHP119","MD_ID=692&type=SHP119","emframe_119",,,"一般性海堤圖框","面","2021/01/27","2021/02/09","https://gic.wra.gov.tw/Gis/Gic/DataIndex/MetaData/ShowDetail.aspx?MD_ID=692&type=SHP119","https://gic.wra.gov.tw/Gis/Gic/DataIndex/MetaData/ShowXML.aspx?MD_ID=692&type=SHP119","https://gic.wra.gov.tw/Gis/gic/API/Google/DownLoad.aspx?fname=emframe_119&filetype=SHP119"
10,"SHP","MD_ID=10&type=SHP","ppobsta_wra_e",,,"雨量站位置圖_水利署_現存站","點","2020/11/16","2021/01/19","https://gic.wra.gov.tw/Gis/Gic/DataIndex/MetaData/ShowDetail.aspx?MD_ID=10&type=SHP","https://gic.wra.gov.tw/Gis/Gic/DataIndex/MetaData/ShowXML.aspx?MD_ID=10&type=SHP","https://gic.wra.gov.tw/Gis/gic/API/Google/DownLoad.aspx?fname=ppobsta_wra_e&filetype=SHP"
11,"SHP","MD_ID=11&type=SHP","ppobsta_wra_a",,,"雨量站位置圖_水利署_已廢站","點","2020/11/16","2021/01/19","https://gic.wra.gov.tw/Gis/Gic/DataIndex/MetaData/ShowDetail.aspx?MD_ID=11&type=SHP","https://gic.wra.gov.tw/Gis/Gic/DataIndex/MetaData/ShowXML.aspx?MD_ID=11&type=SHP","https://gic.wra.gov.tw/Gis/gic/API/Google/DownLoad.aspx?fname=ppobsta_wra_a&filetype=SHP"
12,"SHP","MD_ID=12&type=SHP","hyctide",,,"近海水文潮位站位置圖","點","2019/11/08","2019/12/11","https://gic.wra.gov.tw/Gis/Gic/DataIndex/MetaData/ShowDetail.aspx?MD_ID=12&type=SHP","https://gic.wra.gov.tw/Gis/Gic/DataIndex/MetaData/ShowXML.aspx?MD_ID=12&type=SHP","https://gic.wra.gov.tw/Gis/gic/API/Google/DownLoad.aspx?fname=hyctide&filetype=SHP"
13,"SHP","MD_ID=13&type=SHP","hycw",,,"近海水文氣象站位置圖","點","2019/11/08","2019/12/11","https://gic.wra.gov.tw/Gis/Gic/DataIndex/MetaData/ShowDetail.aspx?MD_ID=13&type=SHP","https://gic.wra.gov.tw/Gis/Gic/DataIndex/MetaData/ShowXML.aspx?MD_ID=13&type=SHP","https://gic.wra.gov.tw/Gis/gic/API/Google/DownLoad.aspx?fname=hycw&filetype=SHP"
14,"SHP","MD_ID=14&type=SHP","hycbuoy",,,"近海水文資料浮標站位置圖","點","2019/11/08","2019/12/11","https://gic.wra.gov.tw/Gis/Gic/DataIndex/MetaData/ShowDetail.aspx?MD_ID=14&type=SHP","https://gic.wra.gov.tw/Gis/Gic/DataIndex/MetaData/ShowXML.aspx?MD_ID=14&type=SHP","https://gic.wra.gov.tw/Gis/gic/API/Google/DownLoad.aspx?fname=hycbuoy&filetype=SHP"
21,"SHP","MD_ID=21&type=SHP","flood_150mm_6hr",,,"淹水潛勢圖_定量降雨6小時150mm","面","2018/11/05","2020/08/24","https://gic.wra.gov.tw/Gis/Gic/DataIndex/MetaData/ShowDetail.aspx?MD_ID=21&type=SHP","https://gic.wra.gov.tw/Gis/Gic/DataIndex/MetaData/ShowXML.aspx?MD_ID=21&type=SHP","https://gic.wra.gov.tw/Gis/gic/API/Google/DownLoad.aspx?fname=flood_150mm_6hr&filetype=SHP"
22,"SHP","MD_ID=22&type=SHP","flood_250mm_6hr",,,"淹水潛勢圖_定量降雨6小時250mm","面","2018/11/05","2020/08/24","https://gic.wra.gov.tw/Gis/Gic/DataIndex/MetaData/ShowDetail.aspx?MD_ID=22&type=SHP","https://gic.wra.gov.tw/Gis/Gic/DataIndex/MetaData/ShowXML.aspx?MD_ID=22&type=SHP","https://gic.wra.gov.tw/Gis/gic/API/Google/DownLoad.aspx?fname=flood_250mm_6hr&filetype=SHP"
23,"SHP","MD_ID=23&type=SHP","flood_350mm_6hr",,,"淹水潛勢圖_定量降雨6小時350mm","面","2018/11/05","2020/08/24","https://gic.wra.gov.tw/Gis/Gic/DataIndex/MetaData/ShowDetail.aspx?MD_ID=23&type=SHP","https://gic.wra.gov.tw/Gis/Gic/DataIndex/MetaData/ShowXML.aspx?MD_ID=23&type=SHP","https://gic.wra.gov.tw/Gis/gic/API/Google/DownLoad.aspx?fname=flood_350mm_6hr&filetype=SHP"
24,"SHP","MD_ID=24&type=SHP","flood_200mm_12hr",,,"淹水潛勢圖_定量降雨12小時200mm","面","2018/11/05","2020/08/24","https://gic.wra.gov.tw/Gis/Gic/DataIndex/MetaData/ShowDetail.aspx?MD_ID=24&type=SHP","https://gic.wra.gov.tw/Gis/Gic/DataIndex/MetaData/ShowXML.aspx?MD_ID=24&type=SHP","https://gic.wra.gov.tw/Gis/gic/API/Google/DownLoad.aspx?fname=flood_200mm_12hr&filetype=SHP"
25,"SHP","MD_ID=25&type=SHP","flood_300mm_12hr",,,"淹水潛勢圖_定量降雨12小時300mm","面","2018/11/05","2020/08/24","https://gic.wra.gov.tw/Gis/Gic/DataIndex/MetaData/ShowDetail.aspx?MD_ID=25&type=SHP","https://gic.wra.gov.tw/Gis/Gic/DataIndex/MetaData/ShowXML.aspx?MD_ID=25&type=SHP","https://gic.wra.gov.tw/Gis/gic/API/Google/DownLoad.aspx?fname=flood_300mm_12hr&filetype=SHP"
26,"SHP","MD_ID=26&type=SHP","flood_400mm_12hr",,,"淹水潛勢圖_定量降雨12小時400mm","面","2018/11/05","2020/08/24","https://gic.wra.gov.tw/Gis/Gic/DataIndex/MetaData/ShowDetail.aspx?MD_ID=26&type=SHP","https://gic.wra.gov.tw/Gis/Gic/DataIndex/MetaData/ShowXML.aspx?MD_ID=26&type=SHP","https://gic.wra.gov.tw/Gis/gic/API/Google/DownLoad.aspx?fname=flood_400mm_12hr&filetype=SHP"
27,"SHP","MD_ID=27&type=SHP","flood_200mm_24hr",,,"淹水潛勢圖_定量降雨24小時200mm","面","2018/11/05","2020/08/24","https://gic.wra.gov.tw/Gis/Gic/DataIndex/MetaData/ShowDetail.aspx?MD_ID=27&type=SHP","https://gic.wra.gov.tw/Gis/Gic/DataIndex/MetaData/ShowXML.aspx?MD_ID=27&type=SHP","https://gic.wra.gov.tw/Gis/gic/API/Google/DownLoad.aspx?fname=flood_200mm_24hr&filetype=SHP"
28,"SHP","MD_ID=28&type=SHP","flood_350mm_24hr",,,"淹水潛勢圖_定量降雨24小時350mm","面","2018/11/05","2020/08/24","https://gic.wra.gov.tw/Gis/Gic/DataIndex/MetaData/ShowDetail.aspx?MD_ID=28&type=SHP","https://gic.wra.gov.tw/Gis/Gic/DataIndex/MetaData/ShowXML.aspx?MD_ID=28&type=SHP","https://gic.wra.gov.tw/Gis/gic/API/Google/DownLoad.aspx?fname=flood_350mm_24hr&filetype=SHP"
29,"SHP","MD_ID=29&type=SHP","flood_500mm_24hr",,,"淹水潛勢圖_定量降雨24小時500mm","面","2018/11/05","2020/08/24","https://gic.wra.gov.tw/Gis/Gic/DataIndex/MetaData/ShowDetail.aspx?MD_ID=29&type=SHP","https://gic.wra.gov.tw/Gis/Gic/DataIndex/MetaData/ShowXML.aspx?MD_ID=29&type=SHP","https://gic.wra.gov.tw/Gis/gic/API/Google/DownLoad.aspx?fname=flood_500mm_24hr&filetype=SHP"
30,"SHP","MD_ID=30&type=SHP","flood_650mm_24hr",,,"淹水潛勢圖_定量降雨24小時650mm","面","2018/11/05","2020/08/24","https://gic.wra.gov.tw/Gis/Gic/DataIndex/MetaData/ShowDetail.aspx?MD_ID=30&type=SHP","https://gic.wra.gov.tw/Gis/Gic/DataIndex/MetaData/ShowXML.aspx?MD_ID=30&type=SHP","https://gic.wra.gov.tw/Gis/gic/API/Google/DownLoad.aspx?fname=flood_650mm_24hr&filetype=SHP"
31,"SHP","MD_ID=31&type=SHP","CoastalProtectionZone",,,"一級海岸災害防治區","面","2020/06/15","2020/11/17","https://gic.wra.gov.tw/Gis/Gic/DataIndex/MetaData/ShowDetail.aspx?MD_ID=31&type=SHP","https://gic.wra.gov.tw/Gis/Gic/DataIndex/MetaData/ShowXML.aspx?MD_ID=31&type=SHP","https://gic.wra.gov.tw/Gis/gic/API/Google/DownLoad.aspx?fname=CoastalProtectionZone&filetype=SHP"
32,"SHP","MD_ID=32&type=SHP","CoastalBufferZone",,,"一級海岸陸域緩衝區","面","2020/06/15","2020/11/17","https://gic.wra.gov.tw/Gis/Gic/DataIndex/MetaData/ShowDetail.aspx?MD_ID=32&type=SHP","https://gic.wra.gov.tw/Gis/Gic/DataIndex/MetaData/ShowXML.aspx?MD_ID=32&type=SHP","https://gic.wra.gov.tw/Gis/gic/API/Google/DownLoad.aspx?fname=CoastalBufferZone&filetype=SHP"
33,"SHP","MD_ID=33&type=SHP","gwqmosta",,,"地下水水質監測站位置圖","點","2007/05/31","2008","https://gic.wra.gov.tw/Gis/Gic/DataIndex/MetaData/ShowDetail.aspx?MD_ID=33&type=SHP","https://gic.wra.gov.tw/Gis/Gic/DataIndex/MetaData/ShowXML.aspx?MD_ID=33&type=SHP","https://gic.wra.gov.tw/Gis/gic/API/Google/DownLoad.aspx?fname=gwqmosta&filetype=SHP"
40,"SHP","MD_ID=40&type=SHP","DRWell",,,"公有單位抗旱井","點","2016/10/10","2016/11/03","https://gic.wra.gov.tw/Gis/Gic/DataIndex/MetaData/ShowDetail.aspx?MD_ID=40&type=SHP","https://gic.wra.gov.tw/Gis/Gic/DataIndex/MetaData/ShowXML.aspx?MD_ID=40&type=SHP","https://gic.wra.gov.tw/Gis/gic/API/Google/DownLoad.aspx?fname=DRWell&filetype=SHP"
45,"SHP","MD_ID=45&type=SHP","TW9091",,,"平均下陷速率圖_2001至2002","線","2016/03/31","2016/10/06","https://gic.wra.gov.tw/Gis/Gic/DataIndex/MetaData/ShowDetail.aspx?MD_ID=45&type=SHP","https://gic.wra.gov.tw/Gis/Gic/DataIndex/MetaData/ShowXML.aspx?MD_ID=45&type=SHP","https://gic.wra.gov.tw/Gis/gic/API/Google/DownLoad.aspx?fname=TW9091&filetype=SHP"
46,"SHP","MD_ID=46&type=SHP","TW9192",,,"平均下陷速率圖_2002至2003","線","2016/03/31","2016/10/06","https://gic.wra.gov.tw/Gis/Gic/DataIndex/MetaData/ShowDetail.aspx?MD_ID=46&type=SHP","https://gic.wra.gov.tw/Gis/Gic/DataIndex/MetaData/ShowXML.aspx?MD_ID=46&type=SHP","https://gic.wra.gov.tw/Gis/gic/API/Google/DownLoad.aspx?fname=TW9192&filetype=SHP"
47,"SHP","MD_ID=47&type=SHP","TW9293",,,"平均下陷速率圖_2003至2004","線","2016/03/31","2016/10/06","https://gic.wra.gov.tw/Gis/Gic/DataIndex/MetaData/ShowDetail.aspx?MD_ID=47&type=SHP","https://gic.wra.gov.tw/Gis/Gic/DataIndex/MetaData/ShowXML.aspx?MD_ID=47&type=SHP","https://gic.wra.gov.tw/Gis/gic/API/Google/DownLoad.aspx?fname=TW9293&filetype=SHP"
48,"SHP","MD_ID=48&type=SHP","TW9394",,,"平均下陷速率圖_2004至2005","線","2016/03/31","2016/10/06","https://gic.wra.gov.tw/Gis/Gic/DataIndex/MetaData/ShowDetail.aspx?MD_ID=48&type=SHP","https://gic.wra.gov.tw/Gis/Gic/DataIndex/MetaData/ShowXML.aspx?MD_ID=48&type=SHP","https://gic.wra.gov.tw/Gis/gic/API/Google/DownLoad.aspx?fname=TW9394&filetype=SHP"
49,"SHP","MD_ID=49&type=SHP","TW9495",,,"平均下陷速率圖_2005至2006","線","2016/03/31","2016/10/06","https://gic.wra.gov.tw/Gis/Gic/DataIndex/MetaData/ShowDetail.aspx?MD_ID=49&type=SHP","https://gic.wra.gov.tw/Gis/Gic/DataIndex/MetaData/ShowXML.aspx?MD_ID=49&type=SHP","https://gic.wra.gov.tw/Gis/gic/API/Google/DownLoad.aspx?fname=TW9495&filetype=SHP"
50,"SHP","MD_ID=50&type=SHP","TW9596",,,"平均下陷速率圖_2006至2007","線","2016/03/31","2016/10/06","https://gic.wra.gov.tw/Gis/Gic/DataIndex/MetaData/ShowDetail.aspx?MD_ID=50&type=SHP","https://gic.wra.gov.tw/Gis/Gic/DataIndex/MetaData/ShowXML.aspx?MD_ID=50&type=SHP","https://gic.wra.gov.tw/Gis/gic/API/Google/DownLoad.aspx?fname=TW9596&filetype=SHP"
51,"SHP","MD_ID=51&type=SHP","TW9697",,,"平均下陷速率圖_2007至2008","線","2016/03/31","2016/10/06","https://gic.wra.gov.tw/Gis/Gic/DataIndex/MetaData/ShowDetail.aspx?MD_ID=51&type=SHP","https://gic.wra.gov.tw/Gis/Gic/DataIndex/MetaData/ShowXML.aspx?MD_ID=51&type=SHP","https://gic.wra.gov.tw/Gis/gic/API/Google/DownLoad.aspx?fname=TW9697&filetype=SHP"
52,"SHP","MD_ID=52&type=SHP","TW9798",,,"平均下陷速率圖_2008至2009","線","2016/03/31","2016/10/06","https://gic.wra.gov.tw/Gis/Gic/DataIndex/MetaData/ShowDetail.aspx?MD_ID=52&type=SHP","https://gic.wra.gov.tw/Gis/Gic/DataIndex/MetaData/ShowXML.aspx?MD_ID=52&type=SHP","https://gic.wra.gov.tw/Gis/gic/API/Google/DownLoad.aspx?fname=TW9798&filetype=SHP"
53,"SHP","MD_ID=53&type=SHP","TW9899",,,"平均下陷速率圖_2009至2010","線","2016/03/31","2016/10/06","https://gic.wra.gov.tw/Gis/Gic/DataIndex/MetaData/ShowDetail.aspx?MD_ID=53&type=SHP","https://gic.wra.gov.tw/Gis/Gic/DataIndex/MetaData/ShowXML.aspx?MD_ID=53&type=SHP","https://gic.wra.gov.tw/Gis/gic/API/Google/DownLoad.aspx?fname=TW9899&filetype=SHP"
54,"SHP","MD_ID=54&type=SHP","TW9900",,,"平均下陷速率圖_2010至2011","線","2016/03/31","2016/10/06","https://gic.wra.gov.tw/Gis/Gic/DataIndex/MetaData/ShowDetail.aspx?MD_ID=54&type=SHP","https://gic.wra.gov.tw/Gis/Gic/DataIndex/MetaData/ShowXML.aspx?MD_ID=54&type=SHP","https://gic.wra.gov.tw/Gis/gic/API/Google/DownLoad.aspx?fname=TW9900&filetype=SHP"
55,"SHP","MD_ID=55&type=SHP","TW0001",,,"平均下陷速率圖_2011至2012","線","2016/03/31","2016/10/06","https://gic.wra.gov.tw/Gis/Gic/DataIndex/MetaData/ShowDetail.aspx?MD_ID=55&type=SHP","https://gic.wra.gov.tw/Gis/Gic/DataIndex/MetaData/ShowXML.aspx?MD_ID=55&type=SHP","https://gic.wra.gov.tw/Gis/gic/API/Google/DownLoad.aspx?fname=TW0001&filetype=SHP"
56,"SHP","MD_ID=56&type=SHP","TW0102",,,"平均下陷速率圖_2012至2013","線","2016/03/31","2016/10/06","https://gic.wra.gov.tw/Gis/Gic/DataIndex/MetaData/ShowDetail.aspx?MD_ID=56&type=SHP","https://gic.wra.gov.tw/Gis/Gic/DataIndex/MetaData/ShowXML.aspx?MD_ID=56&type=SHP","https://gic.wra.gov.tw/Gis/gic/API/Google/DownLoad.aspx?fname=TW0102&filetype=SHP"
57,"SHP","MD_ID=57&type=SHP","TW0203",,,"平均下陷速率圖_2013至2014","線","2016/03/31","2016/10/06","https://gic.wra.gov.tw/Gis/Gic/DataIndex/MetaData/ShowDetail.aspx?MD_ID=57&type=SHP","https://gic.wra.gov.tw/Gis/Gic/DataIndex/MetaData/ShowXML.aspx?MD_ID=57&type=SHP","https://gic.wra.gov.tw/Gis/gic/API/Google/DownLoad.aspx?fname=TW0203&filetype=SHP"
58,"SHP","MD_ID=58&type=SHP","TW0304",,,"平均下陷速率圖_2014至2015","線","2016/03/31","2016/10/06","https://gic.wra.gov.tw/Gis/Gic/DataIndex/MetaData/ShowDetail.aspx?MD_ID=58&type=SHP","https://gic.wra.gov.tw/Gis/Gic/DataIndex/MetaData/ShowXML.aspx?MD_ID=58&type=SHP","https://gic.wra.gov.tw/Gis/gic/API/Google/DownLoad.aspx?fname=TW0304&filetype=SHP"
59,"SHP","MD_ID=59&type=SHP","TW0405",,,"平均下陷速率圖_2015至2016","線","2016/05/31","2017/12/08","https://gic.wra.gov.tw/Gis/Gic/DataIndex/MetaData/ShowDetail.aspx?MD_ID=59&type=SHP","https://gic.wra.gov.tw/Gis/Gic/DataIndex/MetaData/ShowXML.aspx?MD_ID=59&type=SHP","https://gic.wra.gov.tw/Gis/gic/API/Google/DownLoad.aspx?fname=TW0405&filetype=SHP"
60,"SHP","MD_ID=60&type=SHP","TW0506",,,"平均下陷速率圖_2016至2017","線","2018/04/30","2018/12/03","https://gic.wra.gov.tw/Gis/Gic/DataIndex/MetaData/ShowDetail.aspx?MD_ID=60&type=SHP","https://gic.wra.gov.tw/Gis/Gic/DataIndex/MetaData/ShowXML.aspx?MD_ID=60&type=SHP","https://gic.wra.gov.tw/Gis/gic/API/Google/DownLoad.aspx?fname=TW0506&filetype=SHP"
61,"SHP","MD_ID=61&type=SHP","TW0607",,,"平均下陷速率圖_2017至2018","線","2017/08/13","2020/09/15","https://gic.wra.gov.tw/Gis/Gic/DataIndex/MetaData/ShowDetail.aspx?MD_ID=61&type=SHP","https://gic.wra.gov.tw/Gis/Gic/DataIndex/MetaData/ShowXML.aspx?MD_ID=61&type=SHP","https://gic.wra.gov.tw/Gis/gic/API/Google/DownLoad.aspx?fname=TW0607&filetype=SHP"
62,"SHP","MD_ID=62&type=SHP","TW0708",,,"平均下陷速率圖_2018至2019","線","2020/01/31","2020/05/05","https://gic.wra.gov.tw/Gis/Gic/DataIndex/MetaData/ShowDetail.aspx?MD_ID=62&type=SHP","https://gic.wra.gov.tw/Gis/Gic/DataIndex/MetaData/ShowXML.aspx?MD_ID=62&type=SHP","https://gic.wra.gov.tw/Gis/gic/API/Google/DownLoad.aspx?fname=TW0708&filetype=SHP"
63,"SHP","MD_ID=63&type=SHP","TW108109",,,"平均下陷速率圖_2019至2020","線","2021/6/10","2021/07/02","https://gic.wra.gov.tw/Gis/Gic/DataIndex/MetaData/ShowDetail.aspx?MD_ID=63&type=SHP","https://gic.wra.gov.tw/Gis/Gic/DataIndex/MetaData/ShowXML.aspx?MD_ID=63&type=SHP","https://gic.wra.gov.tw/Gis/gic/API/Google/DownLoad.aspx?fname=TW108109&filetype=SHP"
64,"SHP","MD_ID=64&type=SHP","TW_109",,,"全台累積下陷等值圖_至109年","線","2021/6/10","2021/07/02","https://gic.wra.gov.tw/Gis/Gic/DataIndex/MetaData/ShowDetail.aspx?MD_ID=64&type=SHP","https://gic.wra.gov.tw/Gis/Gic/DataIndex/MetaData/ShowXML.aspx?MD_ID=64&type=SHP","https://gic.wra.gov.tw/Gis/gic/API/Google/DownLoad.aspx?fname=TW_109&filetype=SHP"
65,"SHP","MD_ID=65&type=SHP","TP83109",,,"臺北累積下陷量等值圖_83至109年","線","2021/6/11","2021/07/02","https://gic.wra.gov.tw/Gis/Gic/DataIndex/MetaData/ShowDetail.aspx?MD_ID=65&type=SHP","https://gic.wra.gov.tw/Gis/Gic/DataIndex/MetaData/ShowXML.aspx?MD_ID=65&type=SHP","https://gic.wra.gov.tw/Gis/gic/API/Google/DownLoad.aspx?fname=TP83109&filetype=SHP"
66,"SHP","MD_ID=66&type=SHP","TP83103",,,"臺北累積下陷量等值圖_83至103年","線","2016/12/05","2016/10/06","https://gic.wra.gov.tw/Gis/Gic/DataIndex/MetaData/ShowDetail.aspx?MD_ID=66&type=SHP","https://gic.wra.gov.tw/Gis/Gic/DataIndex/MetaData/ShowXML.aspx?MD_ID=66&type=SHP","https://gic.wra.gov.tw/Gis/gic/API/Google/DownLoad.aspx?fname=TP83103&filetype=SHP"
67,"SHP","MD_ID=67&type=SHP","TP108109",,,"臺北平均下陷速率等值圖_108至109年","點","2021/6/11","2021/07/02","https://gic.wra.gov.tw/Gis/Gic/DataIndex/MetaData/ShowDetail.aspx?MD_ID=67&type=SHP","https://gic.wra.gov.tw/Gis/Gic/DataIndex/MetaData/ShowXML.aspx?MD_ID=67&type=SHP","https://gic.wra.gov.tw/Gis/gic/API/Google/DownLoad.aspx?fname=TP108109&filetype=SHP"
68,"SHP","MD_ID=68&type=SHP","TY9199",,,"桃園累積下陷量等值圖_91至106年","線","2018/01/05","2018/06/06","https://gic.wra.gov.tw/Gis/Gic/DataIndex/MetaData/ShowDetail.aspx?MD_ID=68&type=SHP","https://gic.wra.gov.tw/Gis/Gic/DataIndex/MetaData/ShowXML.aspx?MD_ID=68&type=SHP","https://gic.wra.gov.tw/Gis/gic/API/Google/DownLoad.aspx?fname=TY9199&filetype=SHP"
69,"SHP","MD_ID=69&type=SHP","CH81104",,,"彰化累積下陷量等值圖_81至108年","線","2020/01/31","2020/05/05","https://gic.wra.gov.tw/Gis/Gic/DataIndex/MetaData/ShowDetail.aspx?MD_ID=69&type=SHP","https://gic.wra.gov.tw/Gis/Gic/DataIndex/MetaData/ShowXML.aspx?MD_ID=69&type=SHP","https://gic.wra.gov.tw/Gis/gic/API/Google/DownLoad.aspx?fname=CH81104&filetype=SHP"
70,"SHP","MD_ID=70&type=SHP","CH81109",,,"彰化累積下陷量等值圖_81至109年","線","2021/6/11","2021/07/02","https://gic.wra.gov.tw/Gis/Gic/DataIndex/MetaData/ShowDetail.aspx?MD_ID=70&type=SHP","https://gic.wra.gov.tw/Gis/Gic/DataIndex/MetaData/ShowXML.aspx?MD_ID=70&type=SHP","https://gic.wra.gov.tw/Gis/gic/API/Google/DownLoad.aspx?fname=CH81109&filetype=SHP"
71,"SHP","MD_ID=71&type=SHP","CH106107",,,"彰化平均下陷速率等值圖_106至107年","線","2020/08/13","2020/09/15","https://gic.wra.gov.tw/Gis/Gic/DataIndex/MetaData/ShowDetail.aspx?MD_ID=71&type=SHP","https://gic.wra.gov.tw/Gis/Gic/DataIndex/MetaData/ShowXML.aspx?MD_ID=71&type=SHP","https://gic.wra.gov.tw/Gis/gic/API/Google/DownLoad.aspx?fname=CH106107&filetype=SHP"
72,"SHP","MD_ID=72&type=SHP","CH108109",,,"彰化平均下陷速率等值圖_108至109年","線","2021/6/11","2021/07/02","https://gic.wra.gov.tw/Gis/Gic/DataIndex/MetaData/ShowDetail.aspx?MD_ID=72&type=SHP","https://gic.wra.gov.tw/Gis/Gic/DataIndex/MetaData/ShowXML.aspx?MD_ID=72&type=SHP","https://gic.wra.gov.tw/Gis/gic/API/Google/DownLoad.aspx?fname=CH108109&filetype=SHP"
73,"SHP","MD_ID=73&type=SHP","YL81104",,,"雲林累積下陷量等值圖_81至108年","線","2020/01/31","2020/05/05","https://gic.wra.gov.tw/Gis/Gic/DataIndex/MetaData/ShowDetail.aspx?MD_ID=73&type=SHP","https://gic.wra.gov.tw/Gis/Gic/DataIndex/MetaData/ShowXML.aspx?MD_ID=73&type=SHP","https://gic.wra.gov.tw/Gis/gic/API/Google/DownLoad.aspx?fname=YL81104&filetype=SHP"
74,"SHP","MD_ID=74&type=SHP","YL81109",,,"雲林累積下陷量等值圖_81至109年","線","2021/6/11","2021/07/02","https://gic.wra.gov.tw/Gis/Gic/DataIndex/MetaData/ShowDetail.aspx?MD_ID=74&type=SHP","https://gic.wra.gov.tw/Gis/Gic/DataIndex/MetaData/ShowXML.aspx?MD_ID=74&type=SHP","https://gic.wra.gov.tw/Gis/gic/API/Google/DownLoad.aspx?fname=YL81109&filetype=SHP"
75,"SHP","MD_ID=75&type=SHP","YL106107",,,"雲林平均下陷速率等值圖_106至107年","線","2020/08/13","2020/09/15","https://gic.wra.gov.tw/Gis/Gic/DataIndex/MetaData/ShowDetail.aspx?MD_ID=75&type=SHP","https://gic.wra.gov.tw/Gis/Gic/DataIndex/MetaData/ShowXML.aspx?MD_ID=75&type=SHP","https://gic.wra.gov.tw/Gis/gic/API/Google/DownLoad.aspx?fname=YL106107&filetype=SHP"
76,"SHP","MD_ID=76&type=SHP","YL108109",,,"雲林平均下陷速率等值圖_108至109年","線","2021/6/11","2021/07/02","https://gic.wra.gov.tw/Gis/Gic/DataIndex/MetaData/ShowDetail.aspx?MD_ID=76&type=SHP","https://gic.wra.gov.tw/Gis/Gic/DataIndex/MetaData/ShowXML.aspx?MD_ID=76&type=SHP","https://gic.wra.gov.tw/Gis/gic/API/Google/DownLoad.aspx?fname=YL108109&filetype=SHP"
77,"SHP","MD_ID=77&type=SHP","CY80104",,,"嘉義累積下陷量等值圖_80至108年","線","2020/01/31","2020/05/05","https://gic.wra.gov.tw/Gis/Gic/DataIndex/MetaData/ShowDetail.aspx?MD_ID=77&type=SHP","https://gic.wra.gov.tw/Gis/Gic/DataIndex/MetaData/ShowXML.aspx?MD_ID=77&type=SHP","https://gic.wra.gov.tw/Gis/gic/API/Google/DownLoad.aspx?fname=CY80104&filetype=SHP"
78,"SHP","MD_ID=78&type=SHP","CY80109",,,"嘉義累積下陷量等值圖_80至109年","線","2021/6/11","2021/07/02","https://gic.wra.gov.tw/Gis/Gic/DataIndex/MetaData/ShowDetail.aspx?MD_ID=78&type=SHP","https://gic.wra.gov.tw/Gis/Gic/DataIndex/MetaData/ShowXML.aspx?MD_ID=78&type=SHP","https://gic.wra.gov.tw/Gis/gic/API/Google/DownLoad.aspx?fname=CY80109&filetype=SHP"
79,"SHP","MD_ID=79&type=SHP","CY106107",,,"嘉義平均下陷速率等值圖_106至107年","線","2020/08/13","2020/09/15","https://gic.wra.gov.tw/Gis/Gic/DataIndex/MetaData/ShowDetail.aspx?MD_ID=79&type=SHP","https://gic.wra.gov.tw/Gis/Gic/DataIndex/MetaData/ShowXML.aspx?MD_ID=79&type=SHP","https://gic.wra.gov.tw/Gis/gic/API/Google/DownLoad.aspx?fname=CY106107&filetype=SHP"
80,"SHP","MD_ID=80&type=SHP","CY108109",,,"嘉義平均下陷速率等值圖_108至109年","線","2021/6/11","2021/07/02","https://gic.wra.gov.tw/Gis/Gic/DataIndex/MetaData/ShowDetail.aspx?MD_ID=80&type=SHP","https://gic.wra.gov.tw/Gis/Gic/DataIndex/MetaData/ShowXML.aspx?MD_ID=80&type=SHP","https://gic.wra.gov.tw/Gis/gic/API/Google/DownLoad.aspx?fname=CY108109&filetype=SHP"
81,"SHP","MD_ID=81&type=SHP","TN90103",,,"臺南累積下陷量等值圖_90至108年","線","2020/01/31","2020/05/05","https://gic.wra.gov.tw/Gis/Gic/DataIndex/MetaData/ShowDetail.aspx?MD_ID=81&type=SHP","https://gic.wra.gov.tw/Gis/Gic/DataIndex/MetaData/ShowXML.aspx?MD_ID=81&type=SHP","https://gic.wra.gov.tw/Gis/gic/API/Google/DownLoad.aspx?fname=TN90103&filetype=SHP"
82,"SHP","MD_ID=82&type=SHP","KH9198",,,"舊高雄縣累積下陷量等值圖_91至98年","線","2016/12/05","2016/10/06","https://gic.wra.gov.tw/Gis/Gic/DataIndex/MetaData/ShowDetail.aspx?MD_ID=82&type=SHP","https://gic.wra.gov.tw/Gis/Gic/DataIndex/MetaData/ShowXML.aspx?MD_ID=82&type=SHP","https://gic.wra.gov.tw/Gis/gic/API/Google/DownLoad.aspx?fname=KH9198&filetype=SHP"
83,"SHP","MD_ID=83&type=SHP","KH95104",,,"高雄累積下陷量等值圖_95至104年","線","2016/12/05","2017/10/26","https://gic.wra.gov.tw/Gis/Gic/DataIndex/MetaData/ShowDetail.aspx?MD_ID=83&type=SHP","https://gic.wra.gov.tw/Gis/Gic/DataIndex/MetaData/ShowXML.aspx?MD_ID=83&type=SHP","https://gic.wra.gov.tw/Gis/gic/API/Google/DownLoad.aspx?fname=KH95104&filetype=SHP"
84,"SHP","MD_ID=84&type=SHP","KH95109",,,"高雄累積下陷量等值圖_95至109年","線","2021/6/11","2021/07/02","https://gic.wra.gov.tw/Gis/Gic/DataIndex/MetaData/ShowDetail.aspx?MD_ID=84&type=SHP","https://gic.wra.gov.tw/Gis/Gic/DataIndex/MetaData/ShowXML.aspx?MD_ID=84&type=SHP","https://gic.wra.gov.tw/Gis/gic/API/Google/DownLoad.aspx?fname=KH95109&filetype=SHP"
85,"SHP","MD_ID=85&type=SHP","KH108109",,,"高雄平均下陷速率等值圖_108至109年","線","2021/6/11","2021/07/02","https://gic.wra.gov.tw/Gis/Gic/DataIndex/MetaData/ShowDetail.aspx?MD_ID=85&type=SHP","https://gic.wra.gov.tw/Gis/Gic/DataIndex/MetaData/ShowXML.aspx?MD_ID=85&type=SHP","https://gic.wra.gov.tw/Gis/gic/API/Google/DownLoad.aspx?fname=KH108109&filetype=SHP"
86,"SHP","MD_ID=86&type=SHP","PT83104",,,"屏東累積下陷量等值圖_83至108年","線","2020/01/31","2020/05/05","https://gic.wra.gov.tw/Gis/Gic/DataIndex/MetaData/ShowDetail.aspx?MD_ID=86&type=SHP","https://gic.wra.gov.tw/Gis/Gic/DataIndex/MetaData/ShowXML.aspx?MD_ID=86&type=SHP","https://gic.wra.gov.tw/Gis/gic/API/Google/DownLoad.aspx?fname=PT83104&filetype=SHP"
87,"SHP","MD_ID=87&type=SHP","PT90109",,,"屏東累積下陷量等值圖_90至109年","線","2021/6/11","2021/07/02","https://gic.wra.gov.tw/Gis/Gic/DataIndex/MetaData/ShowDetail.aspx?MD_ID=87&type=SHP","https://gic.wra.gov.tw/Gis/Gic/DataIndex/MetaData/ShowXML.aspx?MD_ID=87&type=SHP","https://gic.wra.gov.tw/Gis/gic/API/Google/DownLoad.aspx?fname=PT90109&filetype=SHP"
88,"SHP","MD_ID=88&type=SHP","PT106107",,,"屏東平均下陷速率等值圖_106至107年","線","2020/08/13","2020/09/15","https://gic.wra.gov.tw/Gis/Gic/DataIndex/MetaData/ShowDetail.aspx?MD_ID=88&type=SHP","https://gic.wra.gov.tw/Gis/Gic/DataIndex/MetaData/ShowXML.aspx?MD_ID=88&type=SHP","https://gic.wra.gov.tw/Gis/gic/API/Google/DownLoad.aspx?fname=PT106107&filetype=SHP"
89,"SHP","MD_ID=89&type=SHP","PT108109",,,"屏東平均下陷速率等值圖_108至109年","線","2021/6/11","2021/07/02","https://gic.wra.gov.tw/Gis/Gic/DataIndex/MetaData/ShowDetail.aspx?MD_ID=89&type=SHP","https://gic.wra.gov.tw/Gis/Gic/DataIndex/MetaData/ShowXML.aspx?MD_ID=89&type=SHP","https://gic.wra.gov.tw/Gis/gic/API/Google/DownLoad.aspx?fname=PT108109&filetype=SHP"
90,"SHP","MD_ID=90&type=SHP","IL81103",,,"宜蘭地區累積下陷量等值圖_81至103年","線","2016/03/31","2016/10/06","https://gic.wra.gov.tw/Gis/Gic/DataIndex/MetaData/ShowDetail.aspx?MD_ID=90&type=SHP","https://gic.wra.gov.tw/Gis/Gic/DataIndex/MetaData/ShowXML.aspx?MD_ID=90&type=SHP","https://gic.wra.gov.tw/Gis/gic/API/Google/DownLoad.aspx?fname=IL81103&filetype=SHP"
91,"SHP","MD_ID=91&type=SHP","IL106107",,,"宜蘭平均下陷速率等值圖_106至107年","線","2020/08/13","2020/09/15","https://gic.wra.gov.tw/Gis/Gic/DataIndex/MetaData/ShowDetail.aspx?MD_ID=91&type=SHP","https://gic.wra.gov.tw/Gis/Gic/DataIndex/MetaData/ShowXML.aspx?MD_ID=91&type=SHP","https://gic.wra.gov.tw/Gis/gic/API/Google/DownLoad.aspx?fname=IL106107&filetype=SHP"
92,"SHP","MD_ID=92&type=SHP","Salinizationzone",,,"海水入侵及地下水鹽化區","面","2016/10/10","2016/11/03","https://gic.wra.gov.tw/Gis/Gic/DataIndex/MetaData/ShowDetail.aspx?MD_ID=92&type=SHP","https://gic.wra.gov.tw/Gis/Gic/DataIndex/MetaData/ShowXML.aspx?MD_ID=92&type=SHP","https://gic.wra.gov.tw/Gis/gic/API/Google/DownLoad.aspx?fname=Salinizationzone&filetype=SHP"
93,"SHP","MD_ID=93&type=SHP","GWREGIONAQUACtrl1",,,"地下水分區第一含水層觀測井控制範圍","面","2016/10/10","2016/11/03","https://gic.wra.gov.tw/Gis/Gic/DataIndex/MetaData/ShowDetail.aspx?MD_ID=93&type=SHP","https://gic.wra.gov.tw/Gis/Gic/DataIndex/MetaData/ShowXML.aspx?MD_ID=93&type=SHP","https://gic.wra.gov.tw/Gis/gic/API/Google/DownLoad.aspx?fname=GWREGIONAQUACtrl1&filetype=SHP"
94,"SHP","MD_ID=94&type=SHP","GWREGIONAQUACtrl2",,,"地下水分區第二含水層觀測井控制範圍","面","2016/10/10","2016/11/03","https://gic.wra.gov.tw/Gis/Gic/DataIndex/MetaData/ShowDetail.aspx?MD_ID=94&type=SHP","https://gic.wra.gov.tw/Gis/Gic/DataIndex/MetaData/ShowXML.aspx?MD_ID=94&type=SHP","https://gic.wra.gov.tw/Gis/gic/API/Google/DownLoad.aspx?fname=GWREGIONAQUACtrl2&filetype=SHP"
99,"SHP","MD_ID=99&type=SHP","TWQPROT_insidearea",,,"自來水水質水量保護區圖：邊界向內鄰近0.5公里範圍","面","2021/03/26","2021/04/01","https://gic.wra.gov.tw/Gis/Gic/DataIndex/MetaData/ShowDetail.aspx?MD_ID=99&type=SHP","https://gic.wra.gov.tw/Gis/Gic/DataIndex/MetaData/ShowXML.aspx?MD_ID=99&type=SHP","https://gic.wra.gov.tw/Gis/gic/API/Google/DownLoad.aspx?fname=TWQPROT_insidearea&filetype=SHP"
100,"SHP","MD_ID=100&type=SHP","TWQPROT_outsidearea",,,"自來水水質水量保護區圖：邊界向外鄰近0.5公里範圍","面","2021/03/26","2021/04/01","https://gic.wra.gov.tw/Gis/Gic/DataIndex/MetaData/ShowDetail.aspx?MD_ID=100&type=SHP","https://gic.wra.gov.tw/Gis/Gic/DataIndex/MetaData/ShowXML.aspx?MD_ID=100&type=SHP","https://gic.wra.gov.tw/Gis/gic/API/Google/DownLoad.aspx?fname=TWQPROT_outsidearea&filetype=SHP"
102,"SHP","MD_ID=102&type=SHP","wrarb",,,"水資源局轄區範圍圖","面","2010/08/31","2010/08/31","https://gic.wra.gov.tw/Gis/Gic/DataIndex/MetaData/ShowDetail.aspx?MD_ID=102&type=SHP","https://gic.wra.gov.tw/Gis/Gic/DataIndex/MetaData/ShowXML.aspx?MD_ID=102&type=SHP","https://gic.wra.gov.tw/Gis/gic/API/Google/DownLoad.aspx?fname=wrarb&filetype=SHP"
105,"SHP","MD_ID=105&type=SHP","reservoir_insidearea",,,"水庫集水區敏感區範圍：邊界向內鄰近0.5公里範圍","面","2020/09/18","2020/10/21","https://gic.wra.gov.tw/Gis/Gic/DataIndex/MetaData/ShowDetail.aspx?MD_ID=105&type=SHP","https://gic.wra.gov.tw/Gis/Gic/DataIndex/MetaData/ShowXML.aspx?MD_ID=105&type=SHP","https://gic.wra.gov.tw/Gis/gic/API/Google/DownLoad.aspx?fname=reservoir_insidearea&filetype=SHP"
106,"SHP","MD_ID=106&type=SHP","reservoir_outsidearea",,,"水庫集水區敏感區範圍：邊界向外鄰近0.5公里範圍","面","2020/09/18","2020/10/21","https://gic.wra.gov.tw/Gis/Gic/DataIndex/MetaData/ShowDetail.aspx?MD_ID=106&type=SHP","https://gic.wra.gov.tw/Gis/Gic/DataIndex/MetaData/ShowXML.aspx?MD_ID=106&type=SHP","https://gic.wra.gov.tw/Gis/gic/API/Google/DownLoad.aspx?fname=reservoir_outsidearea&filetype=SHP"
112,"SHP","MD_ID=112&type=SHP","RIVREGLN",,,"中央管河川區域","面","2021/05/19","2021/05/24","https://gic.wra.gov.tw/Gis/Gic/DataIndex/MetaData/ShowDetail.aspx?MD_ID=112&type=SHP","https://gic.wra.gov.tw/Gis/Gic/DataIndex/MetaData/ShowXML.aspx?MD_ID=112&type=SHP","https://gic.wra.gov.tw/Gis/gic/API/Google/DownLoad.aspx?fname=RIVREGLN&filetype=SHP"
115,"SHP","MD_ID=115&type=SHP","rvframe",,,"中央管河川圖框","面","2021/05/25","2021/05/26","https://gic.wra.gov.tw/Gis/Gic/DataIndex/MetaData/ShowDetail.aspx?MD_ID=115&type=SHP","https://gic.wra.gov.tw/Gis/Gic/DataIndex/MetaData/ShowXML.aspx?MD_ID=115&type=SHP","https://gic.wra.gov.tw/Gis/gic/API/Google/DownLoad.aspx?fname=rvframe&filetype=SHP"
116,"SHP","MD_ID=116&type=SHP","drframe",,,"中央管排水圖框","面","2017/03/22","2020/05/22","https://gic.wra.gov.tw/Gis/Gic/DataIndex/MetaData/ShowDetail.aspx?MD_ID=116&type=SHP","https://gic.wra.gov.tw/Gis/Gic/DataIndex/MetaData/ShowXML.aspx?MD_ID=116&type=SHP","https://gic.wra.gov.tw/Gis/gic/API/Google/DownLoad.aspx?fname=drframe&filetype=SHP"
117,"SHP","MD_ID=117&type=SHP","emframe",,,"一般性海堤圖框","面","2021/05/19","2021/05/24","https://gic.wra.gov.tw/Gis/Gic/DataIndex/MetaData/ShowDetail.aspx?MD_ID=117&type=SHP","https://gic.wra.gov.tw/Gis/Gic/DataIndex/MetaData/ShowXML.aspx?MD_ID=117&type=SHP","https://gic.wra.gov.tw/Gis/gic/API/Google/DownLoad.aspx?fname=emframe&filetype=SHP"
1,"KML","MD_ID=1&type=KML","RIVWLSTA_e",,,"河川水位測站位置圖_現存站","點","2020/11/16","2021/01/19","https://gic.wra.gov.tw/Gis/Gic/DataIndex/MetaData/ShowDetail.aspx?MD_ID=1&type=KML","https://gic.wra.gov.tw/Gis/Gic/DataIndex/MetaData/ShowXML.aspx?MD_ID=1&type=KML","https://gic.wra.gov.tw/Gis/gic/API/Google/DownLoad.aspx?fname=RIVWLSTA_e&filetype=KML"
2,"KML","MD_ID=2&type=KML","RIVWLSTA_a",,,"河川水位測站位置圖_已廢站","點","2020/11/16","2021/01/19","https://gic.wra.gov.tw/Gis/Gic/DataIndex/MetaData/ShowDetail.aspx?MD_ID=2&type=KML","https://gic.wra.gov.tw/Gis/Gic/DataIndex/MetaData/ShowXML.aspx?MD_ID=2&type=KML","https://gic.wra.gov.tw/Gis/gic/API/Google/DownLoad.aspx?fname=RIVWLSTA_a&filetype=KML"
3,"KML","MD_ID=3&type=KML","RIVQASTA_e",,,"河川流量測站位置圖_現存站","點","2020/11/16","2021/01/19","https://gic.wra.gov.tw/Gis/Gic/DataIndex/MetaData/ShowDetail.aspx?MD_ID=3&type=KML","https://gic.wra.gov.tw/Gis/Gic/DataIndex/MetaData/ShowXML.aspx?MD_ID=3&type=KML","https://gic.wra.gov.tw/Gis/gic/API/Google/DownLoad.aspx?fname=RIVQASTA_e&filetype=KML"
4,"KML","MD_ID=4&type=KML","RIVQASTA_a",,,"河川流量測站位置圖_已廢站","點","2020/11/16","2021/01/19","https://gic.wra.gov.tw/Gis/Gic/DataIndex/MetaData/ShowDetail.aspx?MD_ID=4&type=KML","https://gic.wra.gov.tw/Gis/Gic/DataIndex/MetaData/ShowXML.aspx?MD_ID=4&type=KML","https://gic.wra.gov.tw/Gis/gic/API/Google/DownLoad.aspx?fname=RIVQASTA_a&filetype=KML"
5,"KML","MD_ID=5&type=KML","RIVSESTA",,,"含沙量測站位置圖","點","2020/11/16","2021/01/19","https://gic.wra.gov.tw/Gis/Gic/DataIndex/MetaData/ShowDetail.aspx?MD_ID=5&type=KML","https://gic.wra.gov.tw/Gis/Gic/DataIndex/MetaData/ShowXML.aspx?MD_ID=5&type=KML","https://gic.wra.gov.tw/Gis/gic/API/Google/DownLoad.aspx?fname=RIVSESTA&filetype=KML"
6,"KML","MD_ID=6&type=KML","RCROSPIL",,,"河川斷面樁位置圖","點","2021/04/06","2021/04/08","https://gic.wra.gov.tw/Gis/Gic/DataIndex/MetaData/ShowDetail.aspx?MD_ID=6&type=KML","https://gic.wra.gov.tw/Gis/Gic/DataIndex/MetaData/ShowXML.aspx?MD_ID=6&type=KML","https://gic.wra.gov.tw/Gis/gic/API/Google/DownLoad.aspx?fname=RCROSPIL&filetype=KML"
7,"KML","MD_ID=7&type=KML","ppobsta_wra_e",,,"雨量站位置圖_水利署_現存站","點","2020/11/16","2021/01/19","https://gic.wra.gov.tw/Gis/Gic/DataIndex/MetaData/ShowDetail.aspx?MD_ID=7&type=KML","https://gic.wra.gov.tw/Gis/Gic/DataIndex/MetaData/ShowXML.aspx?MD_ID=7&type=KML","https://gic.wra.gov.tw/Gis/gic/API/Google/DownLoad.aspx?fname=ppobsta_wra_e&filetype=KML"
8,"KML","MD_ID=8&type=KML","ppobsta_wra_a",,,"雨量站位置圖_水利署_已廢站","點","2020/11/16","2021/01/19","https://gic.wra.gov.tw/Gis/Gic/DataIndex/MetaData/ShowDetail.aspx?MD_ID=8&type=KML","https://gic.wra.gov.tw/Gis/Gic/DataIndex/MetaData/ShowXML.aspx?MD_ID=8&type=KML","https://gic.wra.gov.tw/Gis/gic/API/Google/DownLoad.aspx?fname=ppobsta_wra_a&filetype=KML"
9,"KML","MD_ID=9&type=KML","hyctide",,,"近海水文潮位站位置圖","點","2019/11/08","2019/12/11","https://gic.wra.gov.tw/Gis/Gic/DataIndex/MetaData/ShowDetail.aspx?MD_ID=9&type=KML","https://gic.wra.gov.tw/Gis/Gic/DataIndex/MetaData/ShowXML.aspx?MD_ID=9&type=KML","https://gic.wra.gov.tw/Gis/gic/API/Google/DownLoad.aspx?fname=hyctide&filetype=KML"
10,"KML","MD_ID=10&type=KML","hycw",,,"近海水文氣象站位置圖","點","2019/11/08","2019/12/11","https://gic.wra.gov.tw/Gis/Gic/DataIndex/MetaData/ShowDetail.aspx?MD_ID=10&type=KML","https://gic.wra.gov.tw/Gis/Gic/DataIndex/MetaData/ShowXML.aspx?MD_ID=10&type=KML","https://gic.wra.gov.tw/Gis/gic/API/Google/DownLoad.aspx?fname=hycw&filetype=KML"
11,"KML","MD_ID=11&type=KML","hycbuoy",,,"近海水文資料浮標站位置圖","點","2019/11/08","2019/12/11","https://gic.wra.gov.tw/Gis/Gic/DataIndex/MetaData/ShowDetail.aspx?MD_ID=11&type=KML","https://gic.wra.gov.tw/Gis/Gic/DataIndex/MetaData/ShowXML.aspx?MD_ID=11&type=KML","https://gic.wra.gov.tw/Gis/gic/API/Google/DownLoad.aspx?fname=hycbuoy&filetype=KML"
12,"KML","MD_ID=12&type=KML","rcrossec",,,"河川斷面線位置圖","線","2021/04/06","2021/04/08","https://gic.wra.gov.tw/Gis/Gic/DataIndex/MetaData/ShowDetail.aspx?MD_ID=12&type=KML","https://gic.wra.gov.tw/Gis/Gic/DataIndex/MetaData/ShowXML.aspx?MD_ID=12&type=KML","https://gic.wra.gov.tw/Gis/gic/API/Google/DownLoad.aspx?fname=rcrossec&filetype=KML"
13,"KML","MD_ID=13&type=KML","rvframe",,,"中央管河川圖框","面","2021/05/25","2021/05/26","https://gic.wra.gov.tw/Gis/Gic/DataIndex/MetaData/ShowDetail.aspx?MD_ID=13&type=KML","https://gic.wra.gov.tw/Gis/Gic/DataIndex/MetaData/ShowXML.aspx?MD_ID=13&type=KML","https://gic.wra.gov.tw/Gis/gic/API/Google/DownLoad.aspx?fname=rvframe&filetype=KML"
14,"KML","MD_ID=14&type=KML","drframe",,,"中央管排水圖框","面","2017/03/22","2020/05/22","https://gic.wra.gov.tw/Gis/Gic/DataIndex/MetaData/ShowDetail.aspx?MD_ID=14&type=KML","https://gic.wra.gov.tw/Gis/Gic/DataIndex/MetaData/ShowXML.aspx?MD_ID=14&type=KML","https://gic.wra.gov.tw/Gis/gic/API/Google/DownLoad.aspx?fname=drframe&filetype=KML"
15,"KML","MD_ID=15&type=KML","emframe",,,"一般性海堤圖框","面","2021/05/19","2021/05/24","https://gic.wra.gov.tw/Gis/Gic/DataIndex/MetaData/ShowDetail.aspx?MD_ID=15&type=KML","https://gic.wra.gov.tw/Gis/Gic/DataIndex/MetaData/ShowXML.aspx?MD_ID=15&type=KML","https://gic.wra.gov.tw/Gis/gic/API/Google/DownLoad.aspx?fname=emframe&filetype=KML"
16,"KML","MD_ID=16&type=KML","gwqmosta",,,"地下水水質監測站位置圖","點","2007/05/31","2008","https://gic.wra.gov.tw/Gis/Gic/DataIndex/MetaData/ShowDetail.aspx?MD_ID=16&type=KML","https://gic.wra.gov.tw/Gis/Gic/DataIndex/MetaData/ShowXML.aspx?MD_ID=16&type=KML","https://gic.wra.gov.tw/Gis/gic/API/Google/DownLoad.aspx?fname=gwqmosta&filetype=KML"
17,"KML","MD_ID=17&type=KML","gwobwell_e",,,"地下水觀測井位置圖_現存站","點","2020/11/16","2021/01/19","https://gic.wra.gov.tw/Gis/Gic/DataIndex/MetaData/ShowDetail.aspx?MD_ID=17&type=KML","https://gic.wra.gov.tw/Gis/Gic/DataIndex/MetaData/ShowXML.aspx?MD_ID=17&type=KML","https://gic.wra.gov.tw/Gis/gic/API/Google/DownLoad.aspx?fname=gwobwell_e&filetype=KML"
18,"KML","MD_ID=18&type=KML","gwobwell_a",,,"地下水觀測井位置圖_已廢站","點","2020/11/16","2021/01/19","https://gic.wra.gov.tw/Gis/Gic/DataIndex/MetaData/ShowDetail.aspx?MD_ID=18&type=KML","https://gic.wra.gov.tw/Gis/Gic/DataIndex/MetaData/ShowXML.aspx?MD_ID=18&type=KML","https://gic.wra.gov.tw/Gis/gic/API/Google/DownLoad.aspx?fname=gwobwell_a&filetype=KML"
19,"KML","MD_ID=19&type=KML","LASUBSTA",,,"地層下陷GPS監測站","點","2021/06/10","2021/07/02","https://gic.wra.gov.tw/Gis/Gic/DataIndex/MetaData/ShowDetail.aspx?MD_ID=19&type=KML","https://gic.wra.gov.tw/Gis/Gic/DataIndex/MetaData/ShowXML.aspx?MD_ID=19&type=KML","https://gic.wra.gov.tw/Gis/gic/API/Google/DownLoad.aspx?fname=LASUBSTA&filetype=KML"
20,"KML","MD_ID=20&type=KML","SWWRB",,,"地層下陷水準高程檢測點","點"," 2021/07/01","2021/07/07","https://gic.wra.gov.tw/Gis/Gic/DataIndex/MetaData/ShowDetail.aspx?MD_ID=20&type=KML","https://gic.wra.gov.tw/Gis/Gic/DataIndex/MetaData/ShowXML.aspx?MD_ID=20&type=KML","https://gic.wra.gov.tw/Gis/gic/API/Google/DownLoad.aspx?fname=SWWRB&filetype=KML"
21,"KML","MD_ID=21&type=KML","subasta",,,"磁環分層式地層下陷監測井","點"," 2021/07/01","2021/07/07","https://gic.wra.gov.tw/Gis/Gic/DataIndex/MetaData/ShowDetail.aspx?MD_ID=21&type=KML","https://gic.wra.gov.tw/Gis/Gic/DataIndex/MetaData/ShowXML.aspx?MD_ID=21&type=KML","https://gic.wra.gov.tw/Gis/gic/API/Google/DownLoad.aspx?fname=subasta&filetype=KML"
22,"KML","MD_ID=22&type=KML","TW9091",,,"平均下陷速率圖_2001至2002","線","2016/03/31","2016/10/06","https://gic.wra.gov.tw/Gis/Gic/DataIndex/MetaData/ShowDetail.aspx?MD_ID=22&type=KML","https://gic.wra.gov.tw/Gis/Gic/DataIndex/MetaData/ShowXML.aspx?MD_ID=22&type=KML","https://gic.wra.gov.tw/Gis/gic/API/Google/DownLoad.aspx?fname=TW9091&filetype=KML"
23,"KML","MD_ID=23&type=KML","TW9192",,,"平均下陷速率圖_2002至2003","線","2016/03/31","2016/10/06","https://gic.wra.gov.tw/Gis/Gic/DataIndex/MetaData/ShowDetail.aspx?MD_ID=23&type=KML","https://gic.wra.gov.tw/Gis/Gic/DataIndex/MetaData/ShowXML.aspx?MD_ID=23&type=KML","https://gic.wra.gov.tw/Gis/gic/API/Google/DownLoad.aspx?fname=TW9192&filetype=KML"
24,"KML","MD_ID=24&type=KML","TW9293",,,"平均下陷速率圖_2003至2004","線","2016/03/31","2016/10/06","https://gic.wra.gov.tw/Gis/Gic/DataIndex/MetaData/ShowDetail.aspx?MD_ID=24&type=KML","https://gic.wra.gov.tw/Gis/Gic/DataIndex/MetaData/ShowXML.aspx?MD_ID=24&type=KML","https://gic.wra.gov.tw/Gis/gic/API/Google/DownLoad.aspx?fname=TW9293&filetype=KML"
25,"KML","MD_ID=25&type=KML","TW9394",,,"平均下陷速率圖_2004至2005","線","2016/03/31","2016/10/06","https://gic.wra.gov.tw/Gis/Gic/DataIndex/MetaData/ShowDetail.aspx?MD_ID=25&type=KML","https://gic.wra.gov.tw/Gis/Gic/DataIndex/MetaData/ShowXML.aspx?MD_ID=25&type=KML","https://gic.wra.gov.tw/Gis/gic/API/Google/DownLoad.aspx?fname=TW9394&filetype=KML"
26,"KML","MD_ID=26&type=KML","TW9495",,,"平均下陷速率圖_2005至2006","線","2016/03/31","2016/10/06","https://gic.wra.gov.tw/Gis/Gic/DataIndex/MetaData/ShowDetail.aspx?MD_ID=26&type=KML","https://gic.wra.gov.tw/Gis/Gic/DataIndex/MetaData/ShowXML.aspx?MD_ID=26&type=KML","https://gic.wra.gov.tw/Gis/gic/API/Google/DownLoad.aspx?fname=TW9495&filetype=KML"
27,"KML","MD_ID=27&type=KML","TW9596",,,"平均下陷速率圖_2006至2007","線","2016/03/31","2016/10/06","https://gic.wra.gov.tw/Gis/Gic/DataIndex/MetaData/ShowDetail.aspx?MD_ID=27&type=KML","https://gic.wra.gov.tw/Gis/Gic/DataIndex/MetaData/ShowXML.aspx?MD_ID=27&type=KML","https://gic.wra.gov.tw/Gis/gic/API/Google/DownLoad.aspx?fname=TW9596&filetype=KML"
28,"KML","MD_ID=28&type=KML","TW9697",,,"平均下陷速率圖_2007至2008","線","2016/03/31","2016/10/06","https://gic.wra.gov.tw/Gis/Gic/DataIndex/MetaData/ShowDetail.aspx?MD_ID=28&type=KML","https://gic.wra.gov.tw/Gis/Gic/DataIndex/MetaData/ShowXML.aspx?MD_ID=28&type=KML","https://gic.wra.gov.tw/Gis/gic/API/Google/DownLoad.aspx?fname=TW9697&filetype=KML"
29,"KML","MD_ID=29&type=KML","TW9798",,,"平均下陷速率圖_2008至2009","線","2016/03/31","2016/10/06","https://gic.wra.gov.tw/Gis/Gic/DataIndex/MetaData/ShowDetail.aspx?MD_ID=29&type=KML","https://gic.wra.gov.tw/Gis/Gic/DataIndex/MetaData/ShowXML.aspx?MD_ID=29&type=KML","https://gic.wra.gov.tw/Gis/gic/API/Google/DownLoad.aspx?fname=TW9798&filetype=KML"
30,"KML","MD_ID=30&type=KML","TW9899",,,"平均下陷速率圖_2009至2010","線","2016/03/31","2016/10/06","https://gic.wra.gov.tw/Gis/Gic/DataIndex/MetaData/ShowDetail.aspx?MD_ID=30&type=KML","https://gic.wra.gov.tw/Gis/Gic/DataIndex/MetaData/ShowXML.aspx?MD_ID=30&type=KML","https://gic.wra.gov.tw/Gis/gic/API/Google/DownLoad.aspx?fname=TW9899&filetype=KML"
31,"KML","MD_ID=31&type=KML","TW9900",,,"平均下陷速率圖_2010至2011","線","2016/03/31","2016/10/06","https://gic.wra.gov.tw/Gis/Gic/DataIndex/MetaData/ShowDetail.aspx?MD_ID=31&type=KML","https://gic.wra.gov.tw/Gis/Gic/DataIndex/MetaData/ShowXML.aspx?MD_ID=31&type=KML","https://gic.wra.gov.tw/Gis/gic/API/Google/DownLoad.aspx?fname=TW9900&filetype=KML"
32,"KML","MD_ID=32&type=KML","TW0001",,,"平均下陷速率圖_2011至2012","線","2016/03/31","2016/10/06","https://gic.wra.gov.tw/Gis/Gic/DataIndex/MetaData/ShowDetail.aspx?MD_ID=32&type=KML","https://gic.wra.gov.tw/Gis/Gic/DataIndex/MetaData/ShowXML.aspx?MD_ID=32&type=KML","https://gic.wra.gov.tw/Gis/gic/API/Google/DownLoad.aspx?fname=TW0001&filetype=KML"
33,"KML","MD_ID=33&type=KML","TW0102",,,"平均下陷速率圖_2012至2013","線","2016/03/31","2016/10/06","https://gic.wra.gov.tw/Gis/Gic/DataIndex/MetaData/ShowDetail.aspx?MD_ID=33&type=KML","https://gic.wra.gov.tw/Gis/Gic/DataIndex/MetaData/ShowXML.aspx?MD_ID=33&type=KML","https://gic.wra.gov.tw/Gis/gic/API/Google/DownLoad.aspx?fname=TW0102&filetype=KML"
34,"KML","MD_ID=34&type=KML","TW0203",,,"平均下陷速率圖_2013至2014","線","2016/03/31","2016/10/06","https://gic.wra.gov.tw/Gis/Gic/DataIndex/MetaData/ShowDetail.aspx?MD_ID=34&type=KML","https://gic.wra.gov.tw/Gis/Gic/DataIndex/MetaData/ShowXML.aspx?MD_ID=34&type=KML","https://gic.wra.gov.tw/Gis/gic/API/Google/DownLoad.aspx?fname=TW0203&filetype=KML"
35,"KML","MD_ID=35&type=KML","TW0304",,,"平均下陷速率圖_2014至2015","線","2016/03/31","2016/10/06","https://gic.wra.gov.tw/Gis/Gic/DataIndex/MetaData/ShowDetail.aspx?MD_ID=35&type=KML","https://gic.wra.gov.tw/Gis/Gic/DataIndex/MetaData/ShowXML.aspx?MD_ID=35&type=KML","https://gic.wra.gov.tw/Gis/gic/API/Google/DownLoad.aspx?fname=TW0304&filetype=KML"
36,"KML","MD_ID=36&type=KML","TW0607",,,"平均下陷速率圖_2017至2018","線","2017/08/13","2020/09/15","https://gic.wra.gov.tw/Gis/Gic/DataIndex/MetaData/ShowDetail.aspx?MD_ID=36&type=KML","https://gic.wra.gov.tw/Gis/Gic/DataIndex/MetaData/ShowXML.aspx?MD_ID=36&type=KML","https://gic.wra.gov.tw/Gis/gic/API/Google/DownLoad.aspx?fname=TW0607&filetype=KML"
37,"KML","MD_ID=37&type=KML","TW0708",,,"平均下陷速率圖_2018至2019","線","2020/01/31","2020/05/05","https://gic.wra.gov.tw/Gis/Gic/DataIndex/MetaData/ShowDetail.aspx?MD_ID=37&type=KML","https://gic.wra.gov.tw/Gis/Gic/DataIndex/MetaData/ShowXML.aspx?MD_ID=37&type=KML","https://gic.wra.gov.tw/Gis/gic/API/Google/DownLoad.aspx?fname=TW0708&filetype=KML"
38,"KML","MD_ID=38&type=KML","TW108109",,,"平均下陷速率圖_2019至2020","線","2021/6/10","2021/07/02","https://gic.wra.gov.tw/Gis/Gic/DataIndex/MetaData/ShowDetail.aspx?MD_ID=38&type=KML","https://gic.wra.gov.tw/Gis/Gic/DataIndex/MetaData/ShowXML.aspx?MD_ID=38&type=KML","https://gic.wra.gov.tw/Gis/gic/API/Google/DownLoad.aspx?fname=TW108109&filetype=KML"
39,"KML","MD_ID=39&type=KML","TW_109",,,"全台累積下陷等值圖_至109年","線","2021/6/10","2021/07/02","https://gic.wra.gov.tw/Gis/Gic/DataIndex/MetaData/ShowDetail.aspx?MD_ID=39&type=KML","https://gic.wra.gov.tw/Gis/Gic/DataIndex/MetaData/ShowXML.aspx?MD_ID=39&type=KML","https://gic.wra.gov.tw/Gis/gic/API/Google/DownLoad.aspx?fname=TW_109&filetype=KML"
40,"KML","MD_ID=40&type=KML","TP83109",,,"臺北累積下陷量等值圖_83至109年","線","2021/6/11","2021/07/02","https://gic.wra.gov.tw/Gis/Gic/DataIndex/MetaData/ShowDetail.aspx?MD_ID=40&type=KML","https://gic.wra.gov.tw/Gis/Gic/DataIndex/MetaData/ShowXML.aspx?MD_ID=40&type=KML","https://gic.wra.gov.tw/Gis/gic/API/Google/DownLoad.aspx?fname=TP83109&filetype=KML"
41,"KML","MD_ID=41&type=KML","TP83103",,,"臺北累積下陷量等值圖_83至103年","線","2016/12/05","2016/10/06","https://gic.wra.gov.tw/Gis/Gic/DataIndex/MetaData/ShowDetail.aspx?MD_ID=41&type=KML","https://gic.wra.gov.tw/Gis/Gic/DataIndex/MetaData/ShowXML.aspx?MD_ID=41&type=KML","https://gic.wra.gov.tw/Gis/gic/API/Google/DownLoad.aspx?fname=TP83103&filetype=KML"
42,"KML","MD_ID=42&type=KML","TP108109",,,"臺北平均下陷速率等值圖_108至109年","點","2021/6/11","2021/07/02","https://gic.wra.gov.tw/Gis/Gic/DataIndex/MetaData/ShowDetail.aspx?MD_ID=42&type=KML","https://gic.wra.gov.tw/Gis/Gic/DataIndex/MetaData/ShowXML.aspx?MD_ID=42&type=KML","https://gic.wra.gov.tw/Gis/gic/API/Google/DownLoad.aspx?fname=TP108109&filetype=KML"
43,"KML","MD_ID=43&type=KML","TY9199",,,"桃園累積下陷量等值圖_91至106年","線","2018/01/05","2018/06/06","https://gic.wra.gov.tw/Gis/Gic/DataIndex/MetaData/ShowDetail.aspx?MD_ID=43&type=KML","https://gic.wra.gov.tw/Gis/Gic/DataIndex/MetaData/ShowXML.aspx?MD_ID=43&type=KML","https://gic.wra.gov.tw/Gis/gic/API/Google/DownLoad.aspx?fname=TY9199&filetype=KML"
44,"KML","MD_ID=44&type=KML","CH81104",,,"彰化累積下陷量等值圖_81至108年","線","2020/01/31","2020/05/05","https://gic.wra.gov.tw/Gis/Gic/DataIndex/MetaData/ShowDetail.aspx?MD_ID=44&type=KML","https://gic.wra.gov.tw/Gis/Gic/DataIndex/MetaData/ShowXML.aspx?MD_ID=44&type=KML","https://gic.wra.gov.tw/Gis/gic/API/Google/DownLoad.aspx?fname=CH81104&filetype=KML"
45,"KML","MD_ID=45&type=KML","CH81109",,,"彰化累積下陷量等值圖_81至109年","線","2021/6/11","2021/07/02","https://gic.wra.gov.tw/Gis/Gic/DataIndex/MetaData/ShowDetail.aspx?MD_ID=45&type=KML","https://gic.wra.gov.tw/Gis/Gic/DataIndex/MetaData/ShowXML.aspx?MD_ID=45&type=KML","https://gic.wra.gov.tw/Gis/gic/API/Google/DownLoad.aspx?fname=CH81109&filetype=KML"
46,"KML","MD_ID=46&type=KML","CH106107",,,"彰化平均下陷速率等值圖_106至107年","線","2020/08/13","2020/09/15","https://gic.wra.gov.tw/Gis/Gic/DataIndex/MetaData/ShowDetail.aspx?MD_ID=46&type=KML","https://gic.wra.gov.tw/Gis/Gic/DataIndex/MetaData/ShowXML.aspx?MD_ID=46&type=KML","https://gic.wra.gov.tw/Gis/gic/API/Google/DownLoad.aspx?fname=CH106107&filetype=KML"
47,"KML","MD_ID=47&type=KML","CH108109",,,"彰化平均下陷速率等值圖_108至109年","線","2021/6/11","2021/07/02","https://gic.wra.gov.tw/Gis/Gic/DataIndex/MetaData/ShowDetail.aspx?MD_ID=47&type=KML","https://gic.wra.gov.tw/Gis/Gic/DataIndex/MetaData/ShowXML.aspx?MD_ID=47&type=KML","https://gic.wra.gov.tw/Gis/gic/API/Google/DownLoad.aspx?fname=CH108109&filetype=KML"
48,"KML","MD_ID=48&type=KML","YL81104",,,"雲林累積下陷量等值圖_81至108年","線","2020/01/31","2020/05/05","https://gic.wra.gov.tw/Gis/Gic/DataIndex/MetaData/ShowDetail.aspx?MD_ID=48&type=KML","https://gic.wra.gov.tw/Gis/Gic/DataIndex/MetaData/ShowXML.aspx?MD_ID=48&type=KML","https://gic.wra.gov.tw/Gis/gic/API/Google/DownLoad.aspx?fname=YL81104&filetype=KML"
49,"KML","MD_ID=49&type=KML","YL81109",,,"雲林累積下陷量等值圖_81至109年","線","2021/6/11","2021/07/02","https://gic.wra.gov.tw/Gis/Gic/DataIndex/MetaData/ShowDetail.aspx?MD_ID=49&type=KML","https://gic.wra.gov.tw/Gis/Gic/DataIndex/MetaData/ShowXML.aspx?MD_ID=49&type=KML","https://gic.wra.gov.tw/Gis/gic/API/Google/DownLoad.aspx?fname=YL81109&filetype=KML"
50,"KML","MD_ID=50&type=KML","YL106107",,,"雲林平均下陷速率等值圖_106至107年","線","2020/08/13","2020/09/15","https://gic.wra.gov.tw/Gis/Gic/DataIndex/MetaData/ShowDetail.aspx?MD_ID=50&type=KML","https://gic.wra.gov.tw/Gis/Gic/DataIndex/MetaData/ShowXML.aspx?MD_ID=50&type=KML","https://gic.wra.gov.tw/Gis/gic/API/Google/DownLoad.aspx?fname=YL106107&filetype=KML"
51,"KML","MD_ID=51&type=KML","YL108109",,,"雲林平均下陷速率等值圖_108至109年","線","2021/6/11","2021/07/02","https://gic.wra.gov.tw/Gis/Gic/DataIndex/MetaData/ShowDetail.aspx?MD_ID=51&type=KML","https://gic.wra.gov.tw/Gis/Gic/DataIndex/MetaData/ShowXML.aspx?MD_ID=51&type=KML","https://gic.wra.gov.tw/Gis/gic/API/Google/DownLoad.aspx?fname=YL108109&filetype=KML"
52,"KML","MD_ID=52&type=KML","CY80104",,,"嘉義累積下陷量等值圖_80至108年","線","2020/01/31","2020/05/05","https://gic.wra.gov.tw/Gis/Gic/DataIndex/MetaData/ShowDetail.aspx?MD_ID=52&type=KML","https://gic.wra.gov.tw/Gis/Gic/DataIndex/MetaData/ShowXML.aspx?MD_ID=52&type=KML","https://gic.wra.gov.tw/Gis/gic/API/Google/DownLoad.aspx?fname=CY80104&filetype=KML"
53,"KML","MD_ID=53&type=KML","CY80109",,,"嘉義累積下陷量等值圖_80至109年","線","2021/6/11","2021/07/02","https://gic.wra.gov.tw/Gis/Gic/DataIndex/MetaData/ShowDetail.aspx?MD_ID=53&type=KML","https://gic.wra.gov.tw/Gis/Gic/DataIndex/MetaData/ShowXML.aspx?MD_ID=53&type=KML","https://gic.wra.gov.tw/Gis/gic/API/Google/DownLoad.aspx?fname=CY80109&filetype=KML"
54,"KML","MD_ID=54&type=KML","CY106107",,,"嘉義平均下陷速率等值圖_106至107年","線","2020/08/13","2020/09/15","https://gic.wra.gov.tw/Gis/Gic/DataIndex/MetaData/ShowDetail.aspx?MD_ID=54&type=KML","https://gic.wra.gov.tw/Gis/Gic/DataIndex/MetaData/ShowXML.aspx?MD_ID=54&type=KML","https://gic.wra.gov.tw/Gis/gic/API/Google/DownLoad.aspx?fname=CY106107&filetype=KML"
55,"KML","MD_ID=55&type=KML","CY108109",,,"嘉義平均下陷速率等值圖_108至109年","線","2021/6/11","2021/07/02","https://gic.wra.gov.tw/Gis/Gic/DataIndex/MetaData/ShowDetail.aspx?MD_ID=55&type=KML","https://gic.wra.gov.tw/Gis/Gic/DataIndex/MetaData/ShowXML.aspx?MD_ID=55&type=KML","https://gic.wra.gov.tw/Gis/gic/API/Google/DownLoad.aspx?fname=CY108109&filetype=KML"
56,"KML","MD_ID=56&type=KML","TN90103",,,"臺南累積下陷量等值圖_90至108年","線","2020/01/31","2020/05/05","https://gic.wra.gov.tw/Gis/Gic/DataIndex/MetaData/ShowDetail.aspx?MD_ID=56&type=KML","https://gic.wra.gov.tw/Gis/Gic/DataIndex/MetaData/ShowXML.aspx?MD_ID=56&type=KML","https://gic.wra.gov.tw/Gis/gic/API/Google/DownLoad.aspx?fname=TN90103&filetype=KML"
57,"KML","MD_ID=57&type=KML","KH9198",,,"舊高雄縣累積下陷量等值圖_91至98年","線","2016/12/05","2016/10/06","https://gic.wra.gov.tw/Gis/Gic/DataIndex/MetaData/ShowDetail.aspx?MD_ID=57&type=KML","https://gic.wra.gov.tw/Gis/Gic/DataIndex/MetaData/ShowXML.aspx?MD_ID=57&type=KML","https://gic.wra.gov.tw/Gis/gic/API/Google/DownLoad.aspx?fname=KH9198&filetype=KML"
58,"KML","MD_ID=58&type=KML","KH95104",,,"高雄累積下陷量等值圖_95至104年","線","2016/12/05","2017/10/26","https://gic.wra.gov.tw/Gis/Gic/DataIndex/MetaData/ShowDetail.aspx?MD_ID=58&type=KML","https://gic.wra.gov.tw/Gis/Gic/DataIndex/MetaData/ShowXML.aspx?MD_ID=58&type=KML","https://gic.wra.gov.tw/Gis/gic/API/Google/DownLoad.aspx?fname=KH95104&filetype=KML"
59,"KML","MD_ID=59&type=KML","KH95109",,,"高雄累積下陷量等值圖_95至109年","線","2021/6/11","2021/07/02","https://gic.wra.gov.tw/Gis/Gic/DataIndex/MetaData/ShowDetail.aspx?MD_ID=59&type=KML","https://gic.wra.gov.tw/Gis/Gic/DataIndex/MetaData/ShowXML.aspx?MD_ID=59&type=KML","https://gic.wra.gov.tw/Gis/gic/API/Google/DownLoad.aspx?fname=KH95109&filetype=KML"
60,"KML","MD_ID=60&type=KML","KH108109",,,"高雄平均下陷速率等值圖_108至109年","線","2021/6/11","2021/07/02","https://gic.wra.gov.tw/Gis/Gic/DataIndex/MetaData/ShowDetail.aspx?MD_ID=60&type=KML","https://gic.wra.gov.tw/Gis/Gic/DataIndex/MetaData/ShowXML.aspx?MD_ID=60&type=KML","https://gic.wra.gov.tw/Gis/gic/API/Google/DownLoad.aspx?fname=KH108109&filetype=KML"
61,"KML","MD_ID=61&type=KML","PT83104",,,"屏東累積下陷量等值圖_83至108年","線","2020/01/31","2020/05/05","https://gic.wra.gov.tw/Gis/Gic/DataIndex/MetaData/ShowDetail.aspx?MD_ID=61&type=KML","https://gic.wra.gov.tw/Gis/Gic/DataIndex/MetaData/ShowXML.aspx?MD_ID=61&type=KML","https://gic.wra.gov.tw/Gis/gic/API/Google/DownLoad.aspx?fname=PT83104&filetype=KML"
62,"KML","MD_ID=62&type=KML","PT90109",,,"屏東累積下陷量等值圖_90至109年","線","2021/6/11","2021/07/02","https://gic.wra.gov.tw/Gis/Gic/DataIndex/MetaData/ShowDetail.aspx?MD_ID=62&type=KML","https://gic.wra.gov.tw/Gis/Gic/DataIndex/MetaData/ShowXML.aspx?MD_ID=62&type=KML","https://gic.wra.gov.tw/Gis/gic/API/Google/DownLoad.aspx?fname=PT90109&filetype=KML"
63,"KML","MD_ID=63&type=KML","PT106107",,,"屏東平均下陷速率等值圖_106至107年","線","2020/08/13","2020/09/15","https://gic.wra.gov.tw/Gis/Gic/DataIndex/MetaData/ShowDetail.aspx?MD_ID=63&type=KML","https://gic.wra.gov.tw/Gis/Gic/DataIndex/MetaData/ShowXML.aspx?MD_ID=63&type=KML","https://gic.wra.gov.tw/Gis/gic/API/Google/DownLoad.aspx?fname=PT106107&filetype=KML"
64,"KML","MD_ID=64&type=KML","PT108109",,,"屏東平均下陷速率等值圖_108至109年","線","2021/6/11","2021/07/02","https://gic.wra.gov.tw/Gis/Gic/DataIndex/MetaData/ShowDetail.aspx?MD_ID=64&type=KML","https://gic.wra.gov.tw/Gis/Gic/DataIndex/MetaData/ShowXML.aspx?MD_ID=64&type=KML","https://gic.wra.gov.tw/Gis/gic/API/Google/DownLoad.aspx?fname=PT108109&filetype=KML"
65,"KML","MD_ID=65&type=KML","IL81103",,,"宜蘭地區累積下陷量等值圖_81至103年","線","2016/03/31","2016/10/06","https://gic.wra.gov.tw/Gis/Gic/DataIndex/MetaData/ShowDetail.aspx?MD_ID=65&type=KML","https://gic.wra.gov.tw/Gis/Gic/DataIndex/MetaData/ShowXML.aspx?MD_ID=65&type=KML","https://gic.wra.gov.tw/Gis/gic/API/Google/DownLoad.aspx?fname=IL81103&filetype=KML"
66,"KML","MD_ID=66&type=KML","IL106107",,,"宜蘭平均下陷速率等值圖_106至107年","線","2020/08/13","2020/09/15","https://gic.wra.gov.tw/Gis/Gic/DataIndex/MetaData/ShowDetail.aspx?MD_ID=66&type=KML","https://gic.wra.gov.tw/Gis/Gic/DataIndex/MetaData/ShowXML.aspx?MD_ID=66&type=KML","https://gic.wra.gov.tw/Gis/gic/API/Google/DownLoad.aspx?fname=IL106107&filetype=KML"
67,"KML","MD_ID=67&type=KML","GWREGION",,,"地下水分區範圍圖","面","2000/07/31","2008","https://gic.wra.gov.tw/Gis/Gic/DataIndex/MetaData/ShowDetail.aspx?MD_ID=67&type=KML","https://gic.wra.gov.tw/Gis/Gic/DataIndex/MetaData/ShowXML.aspx?MD_ID=67&type=KML","https://gic.wra.gov.tw/Gis/gic/API/Google/DownLoad.aspx?fname=GWREGION&filetype=KML"
68,"KML","MD_ID=68&type=KML","WATRELIN",,,"水利署及所屬單位位置圖","點","2012/7/26","2012/7","https://gic.wra.gov.tw/Gis/Gic/DataIndex/MetaData/ShowDetail.aspx?MD_ID=68&type=KML","https://gic.wra.gov.tw/Gis/Gic/DataIndex/MetaData/ShowXML.aspx?MD_ID=68&type=KML","https://gic.wra.gov.tw/Gis/gic/API/Google/DownLoad.aspx?fname=WATRELIN&filetype=KML"
69,"KML","MD_ID=69&type=KML","RIVREGLN",,,"中央管河川區域","面","2021/05/19","2021/05/24","https://gic.wra.gov.tw/Gis/Gic/DataIndex/MetaData/ShowDetail.aspx?MD_ID=69&type=KML","https://gic.wra.gov.tw/Gis/Gic/DataIndex/MetaData/ShowXML.aspx?MD_ID=69&type=KML","https://gic.wra.gov.tw/Gis/gic/API/Google/DownLoad.aspx?fname=RIVREGLN&filetype=KML"
70,"KML","MD_ID=70&type=KML","coastdik",,,"一般性海堤區域","面","2021/05/19","2021/05/24","https://gic.wra.gov.tw/Gis/Gic/DataIndex/MetaData/ShowDetail.aspx?MD_ID=70&type=KML","https://gic.wra.gov.tw/Gis/Gic/DataIndex/MetaData/ShowXML.aspx?MD_ID=70&type=KML","https://gic.wra.gov.tw/Gis/gic/API/Google/DownLoad.aspx?fname=coastdik&filetype=KML"
71,"KML","MD_ID=71&type=KML","REGDL",,,"中央管排水設施範圍","面","2019/12/11","2020/05/22","https://gic.wra.gov.tw/Gis/Gic/DataIndex/MetaData/ShowDetail.aspx?MD_ID=71&type=KML","https://gic.wra.gov.tw/Gis/Gic/DataIndex/MetaData/ShowXML.aspx?MD_ID=71&type=KML","https://gic.wra.gov.tw/Gis/gic/API/Google/DownLoad.aspx?fname=REGDL&filetype=KML"
72,"KML","MD_ID=72&type=KML","RIVERL",,,"中央管河川區域線","線","2021/05/19","2021/05/24","https://gic.wra.gov.tw/Gis/Gic/DataIndex/MetaData/ShowDetail.aspx?MD_ID=72&type=KML","https://gic.wra.gov.tw/Gis/Gic/DataIndex/MetaData/ShowXML.aspx?MD_ID=72&type=KML","https://gic.wra.gov.tw/Gis/gic/API/Google/DownLoad.aspx?fname=RIVERL&filetype=KML"
73,"KML","MD_ID=73&type=KML","gwconare",,,"地下水第一級管制區","面","2018/12/25","2020/07/24","https://gic.wra.gov.tw/Gis/Gic/DataIndex/MetaData/ShowDetail.aspx?MD_ID=73&type=KML","https://gic.wra.gov.tw/Gis/Gic/DataIndex/MetaData/ShowXML.aspx?MD_ID=73&type=KML","https://gic.wra.gov.tw/Gis/gic/API/Google/DownLoad.aspx?fname=gwconare&filetype=KML"
74,"KML","MD_ID=74&type=KML","gwconare2",,,"地下水第二級管制區","面","2018/12/25","2020/07/24","https://gic.wra.gov.tw/Gis/Gic/DataIndex/MetaData/ShowDetail.aspx?MD_ID=74&type=KML","https://gic.wra.gov.tw/Gis/Gic/DataIndex/MetaData/ShowXML.aspx?MD_ID=74&type=KML","https://gic.wra.gov.tw/Gis/gic/API/Google/DownLoad.aspx?fname=gwconare2&filetype=KML"
75,"KML","MD_ID=75&type=KML","reservoir",,,"水庫集水區","面","2020/09/18","2020/10/21","https://gic.wra.gov.tw/Gis/Gic/DataIndex/MetaData/ShowDetail.aspx?MD_ID=75&type=KML","https://gic.wra.gov.tw/Gis/Gic/DataIndex/MetaData/ShowXML.aspx?MD_ID=75&type=KML","https://gic.wra.gov.tw/Gis/gic/API/Google/DownLoad.aspx?fname=reservoir&filetype=KML"
76,"KML","MD_ID=76&type=KML","reservoir_insidearea",,,"水庫集水區敏感區範圍：邊界向內鄰近0.5公里範圍","面","2020/09/18","2020/10/21","https://gic.wra.gov.tw/Gis/Gic/DataIndex/MetaData/ShowDetail.aspx?MD_ID=76&type=KML","https://gic.wra.gov.tw/Gis/Gic/DataIndex/MetaData/ShowXML.aspx?MD_ID=76&type=KML","https://gic.wra.gov.tw/Gis/gic/API/Google/DownLoad.aspx?fname=reservoir_insidearea&filetype=KML"
77,"KML","MD_ID=77&type=KML","reservoir_outsidearea",,,"水庫集水區敏感區範圍：邊界向外鄰近0.5公里範圍","面","2020/09/18","2020/10/21","https://gic.wra.gov.tw/Gis/Gic/DataIndex/MetaData/ShowDetail.aspx?MD_ID=77&type=KML","https://gic.wra.gov.tw/Gis/Gic/DataIndex/MetaData/ShowXML.aspx?MD_ID=77&type=KML","https://gic.wra.gov.tw/Gis/gic/API/Google/DownLoad.aspx?fname=reservoir_outsidearea&filetype=KML"
78,"KML","MD_ID=78&type=KML","CoastalProtectionZone",,,"一級海岸災害防治區","面","2020/06/15","2020/11/17","https://gic.wra.gov.tw/Gis/Gic/DataIndex/MetaData/ShowDetail.aspx?MD_ID=78&type=KML","https://gic.wra.gov.tw/Gis/Gic/DataIndex/MetaData/ShowXML.aspx?MD_ID=78&type=KML","https://gic.wra.gov.tw/Gis/gic/API/Google/DownLoad.aspx?fname=CoastalProtectionZone&filetype=KML"
79,"KML","MD_ID=79&type=KML","CoastalBufferZone",,,"一級海岸陸域緩衝區","面","2020/06/15","2020/11/17","https://gic.wra.gov.tw/Gis/Gic/DataIndex/MetaData/ShowDetail.aspx?MD_ID=79&type=KML","https://gic.wra.gov.tw/Gis/Gic/DataIndex/MetaData/ShowXML.aspx?MD_ID=79&type=KML","https://gic.wra.gov.tw/Gis/gic/API/Google/DownLoad.aspx?fname=CoastalBufferZone&filetype=KML"
80,"KML","MD_ID=80&type=KML","TWQPROT",,,"自來水水質水量保護區圖","面","2021/03/26","2021/04/01","https://gic.wra.gov.tw/Gis/Gic/DataIndex/MetaData/ShowDetail.aspx?MD_ID=80&type=KML","https://gic.wra.gov.tw/Gis/Gic/DataIndex/MetaData/ShowXML.aspx?MD_ID=80&type=KML","https://gic.wra.gov.tw/Gis/gic/API/Google/DownLoad.aspx?fname=TWQPROT&filetype=KML"
81,"KML","MD_ID=81&type=KML","TWQPROT_insidearea",,,"自來水水質水量保護區圖：邊界向內鄰近0.5公里範圍","面","2021/03/26","2021/04/01","https://gic.wra.gov.tw/Gis/Gic/DataIndex/MetaData/ShowDetail.aspx?MD_ID=81&type=KML","https://gic.wra.gov.tw/Gis/Gic/DataIndex/MetaData/ShowXML.aspx?MD_ID=81&type=KML","https://gic.wra.gov.tw/Gis/gic/API/Google/DownLoad.aspx?fname=TWQPROT_insidearea&filetype=KML"
82,"KML","MD_ID=82&type=KML","TWQPROT_outsidearea",,,"自來水水質水量保護區圖：邊界向外鄰近0.5公里範圍","面","2021/03/26","2021/04/01","https://gic.wra.gov.tw/Gis/Gic/DataIndex/MetaData/ShowDetail.aspx?MD_ID=82&type=KML","https://gic.wra.gov.tw/Gis/Gic/DataIndex/MetaData/ShowXML.aspx?MD_ID=82&type=KML","https://gic.wra.gov.tw/Gis/gic/API/Google/DownLoad.aspx?fname=TWQPROT_outsidearea&filetype=KML"
